:020000040800F2
:1000000000000524753100084D2B00084F2B000817
:10001000512B0008532B0008552B0008000000004E
:1000200000000000000000000000000061BC0008AB
:10003000572B00080000000001BD000865BD000846
:10004000C5310008C5310008C5310008C5310008B8
:10005000C5310008C5310008C5310008C5310008A8
:10006000C5310008C5310008C5310008592B00080A
:10007000C5310008C5310008C5310008C531000888
:10008000C5310008C5310008C5310008692B0008DA
:10009000792B0008C5310008C5310008C5310008BA
:1000A000C5310008C5310008C5310008C531000858
:1000B000C5310008C5310008C5310008C531000848
:1000C000C5310008C5310008C5310008C531000838
:1000D000C5310008C5310008C5310008C531000828
:1000E000C5310008C531000800000000C531000816
:1000F000C5310008C5310008C5310008C531000808
:10010000C5310008C5310008C5310008C5310008F7
:10011000C5310008C5310008C5310008C5310008E7
:10012000C5310008C5310008C5310008C5310008D7
:10013000C5310008C5310008C5310008C5310008C7
:1001400000000000000000000000000000000000AF
:10015000C5310008C5310008C5310008C5310008A7
:10016000C5310008C5310008C5310008C531000897
:10017000C5310008892B0008C531000800000000C7
:10018000C5310008C5310008C5310008C531000877
:10019000C5310008C5310008C5310008C531000867
:1001A000C5310008C5310008C53100080000000055
:1001B000C5310008C5310008C5310008C531000847
:1001C000C5310008C5310008000000000000000033
:1001D0000000000000000000C53100080000000021
:1001E000000000000000000000000000000000000F
:1001F0000000000000000000C5310008C531000803
:10020000C5310008C531000800000000C5310008F4
:10021000C5310008C5310008C5310008C5310008E6
:10022000C531000800000000C531000800000000D2
:10023000C5310008C531000800000000C5310008C4
:10024000C5310008C5310008C5310008C5310008B6
:10025000C5310008C5310008C5310008C5310008A6
:10026000C5310008C5310008C5310008C531000896
:10027000C5310008C5310008C53100080000000084
:10028000C5310008C5310008C5310008C531000876
:1002900000000000C5310008C53100080000000062
:1002A00000000000C5310008C5310008C531000854
:1002B000C5310008C5310008C5310008992B000878
:0C02C000C5310008A92B0008C53100085A
:1002D00080F0004002E000BF81F0004142001FBFFB
:1002E0005FEA410392EA030F7FEA226C7FEA236C04
:1002F0006AD04FEA1262D2EB1363C1BFD2184140F9
:1003000048404140B8BF5B42192B88BF704710F08E
:10031000004F40F4000020F07F4018BF404211F031
:10032000004F41F4000121F07F4118BF494292EA99
:10033000030F3FD0A2F1010241FA03FC10EB0C00C5
:10034000C3F1200301FA03F100F0004302D5494252
:1003500060EB4000B0F5000F13D3B0F1807F06D3FF
:1003600040084FEA310102F10102FE2A51D2B1F1F7
:10037000004F40EBC25008BF20F0010040EA0300EC
:100380007047490040EB0000013A28BFB0F5000F6C
:10039000EDD2B0FA80FCACF1080CB2EB0C0200FA22
:1003A0000CF0AABF00EBC25052421843BCBFD04071
:1003B0001843704792F0000F81F4000106BF80F4EB
:1003C00000000132013BB5E74FEA41037FEA226CAE
:1003D00018BF7FEA236C21D092EA030F04D092F079
:1003E000000F08BF0846704790EA010F1CBF0020AD
:1003F000704712F07F4F04D1400028BF40F000400A
:10040000704712F100723CBF00F50000704700F029
:10041000004343F0FE4040F4000070477FEA226250
:1004200016BF08467FEA23630146420206BF5FEA21
:10043000412390EA010F40F4800070474FF0000321
:1004400004E000BF10F0004348BF40425FEA000CE8
:1004500008BF704743F0964301464FF000001CE090
:1004600050EA010208BF70474FF000030AE000BFE6
:1004700050EA010208BF704711F0004302D5404224
:1004800061EB41015FEA010C02BF84460146002096
:1004900043F0B64308BFA3F18053A3F50003BCFAB1
:1004A0008CF2083AA3EBC25310DB01FA02FC63445E
:1004B00000FA02FCC2F12002BCF1004F20FA02F265
:1004C00043EB020008BF20F00100704702F1200258
:1004D00001FA02FCC2F1200250EA4C0021FA02F2B9
:1004E00043EB020008BF20EADC70704753B94AB9F9
:1004F000002908BF00281CBF4FF0FF314FF0FF302C
:1005000000F00CB8ADF1080C6DE904CE0DF00EFB57
:10051000DDF804E0DDE9022304B07047704700BF56
:10052000844641EA000313F003036DD1403A41D3FE
:1005300051F8043B40F8043B51F8043B40F8043BBD
:1005400051F8043B40F8043B51F8043B40F8043BAD
:1005500051F8043B40F8043B51F8043B40F8043B9D
:1005600051F8043B40F8043B51F8043B40F8043B8D
:1005700051F8043B40F8043B51F8043B40F8043B7D
:1005800051F8043B40F8043B51F8043B40F8043B6D
:1005900051F8043B40F8043B51F8043B40F8043B5D
:1005A00051F8043B40F8043B51F8043B40F8043B4D
:1005B000403ABDD2303211D351F8043B40F8043BED
:1005C00051F8043B40F8043B51F8043B40F8043B2D
:1005D00051F8043B40F8043B103AEDD20C3205D3FD
:1005E00051F8043B40F8043B043AF9D2043208D0F5
:1005F000D2071CBF11F8013B00F8013B01D30B8867
:1006000003806046704700BF082A13D38B078DD044
:1006100010F003038AD0C3F10403D21ADB071CBF16
:1006200011F8013B00F8013B80D331F8023B20F880
:10063000023B7BE7043AD9D3013A11F8013B00F8B9
:10064000013BF9D20B7803704B7843708B78837041
:10065000604670470348044B834202D0034B03B10A
:10066000184770475C0200245C0200240000000070
:100670000548064B1B1AD90F01EBA301491002D004
:10068000034B03B1184770475C0200245C0200244E
:100690000000000010B5064C237843B9FFF7DAFFDD
:1006A000044B13B10448AFF300800123237010BD45
:1006B00060020024000000002CE5000808B5054B8E
:1006C0001BB105490548AFF30080BDE80840FFF7BE
:1006D000CFBF00BF00000000640200242CE500082A
:1006E000F6EE007A60EE277A10EE103A074AA2EB97
:1006F000630307EE103A67EE277A67EE277AB7EEC4
:10070000080A30EE670A27EE000A7047DF59375FA4
:1007100010B52DED068B0446B0EE409AF0EE609ACF
:10072000B0EE418AF0EE618AB0EE42AAF0EE62AA23
:10073000F5EE401AF1EE10FA14BF01230023B5EED6
:10074000402AF1EE10FA18BF43F001032BB9F5EE81
:10075000402AF1EE10FA00F0938068EEA87A2AEEB3
:100760000A7A77EE877A2AEEAA0A37EE800AFFF72E
:10077000B7FF68EE808A2AEE00AA6AEE80AA94ED9E
:10078000017AD4ED036A27EE266AD4ED007AD4ED1F
:10079000025A27EEA55A36EE456A27EE277A66EE0C
:1007A000A55A37EE257A67EEA77AF6EE005A77EE6D
:1007B000E57A66EEA66A77EEA67A6AEE276A6AEEB0
:1007C000875A76EEE56A6AEE86AA68EEA77A7AEE2E
:1007D000E7AA68EE878A2AEE06AA78EECA8A624BF2
:1007E000D3ED007AF5EEC07AF1EE10FA40F3B38063
:1007F000D3ED007A67EEA67A9FED5C7A67EE877A92
:100800005B4991ED006A76EE277AC1ED007AD3ED6F
:10081000007A67EEAA7A67EE877A564A92ED006A06
:1008200076EE277AC2ED007AD3ED007A67EEA87AE9
:1008300067EE877A504B93ED007A77EE277AC3ED17
:10084000007AD1ED007A39EE279AD2ED007A79EE6E
:10085000A79AD3ED007A38EE278A484BD3ED007A79
:1008600067EEA67A39EE279AD3ED007A67EEAA7A78
:1008700079EEA79AD3ED007A67EEA87A38EE278A48
:10088000DFED3F7A29EE270A69EEA70A28EE271A3C
:10089000D4ED006A94ED017AD4ED027A27EE409A05
:1008A00020EEA76A39EE469AD4ED039A29EE816AC2
:1008B00039EE469A39EE269A84ED009A60EE268A41
:1008C00021EE276A78EE868A29EEA06A78EEC68A3B
:1008D00078EE878AC4ED018A20EEA68A21EE076AA7
:1008E00038EE468A29EE806A38EE068A38EE278A84
:1008F00084ED028A21EE261A60EE870A31EE201A74
:1009000020EE270A31EE401A79EE819AC4ED039A5F
:1009100069EE097A28EEA87A77EE877A28EE087AC7
:1009200077EE877A29EEA90A37EE800AFFF7D8FE1C
:1009300029EE009A84ED009A68EE808AC4ED018A5F
:1009400028EE008A84ED028A69EE809AC4ED039A4B
:10095000BDEC068B10BD0023054A1360054A1360E9
:10096000054A136079E700BF880200246F12833ABA
:1009700084020024800200247C0200240000002461
:100980006F12033A0E4B1B78C3B982B00C4B012295
:100990001A700C4B5B680193019A0B4B1B689A42CF
:1009A00003D20A4A136801331360064B5A68064B98
:1009B0001A60034B00221A7002B07047704700BFE4
:1009C000A8020024001000E0B8020024BC020024A9
:1009D00008B54FF0E022D2F8FC3D43F08073C2F836
:1009E000FC3D0E4B002159601A6842F001021A606A
:1009F0000B4B03FB00F00B4B18600B4BA3FB0023CE
:100A00009B090A4A13600A4BA3FB0030800C094B78
:100A10001860094B1960FFF7B5FF08BD001000E032
:100A200040420F00C8020024D34D6210C4020024CB
:100A300083DE1B43C0020024BC02002400B52DED60
:100A4000028B83B00D4B5B680193019B02689B1A7C
:100A500007EE903AF8EE677A094B93ED007AB8EE1C
:100A6000477A87EE878A019B0360FFF78BFFB0EE22
:100A7000480A03B0BDEC028B5DF804FB001000E0F7
:100A8000C80200242DE9F04182B0294B5B68019334
:100A9000FFF778FF274B1C6800266508E3071B1B40
:100AA00065F10005DB186D411C1945F10005019B3E
:100AB000E41845F10005204B1C605D601F4BD3F826
:100AC00000804246334620462946FFF70FFD074681
:100AD0001B4B186059604246334620462946FFF7B3
:100AE00005FD10461C461546164B1A605C60DFF883
:100AF0006480C8F80070144B1F683A46334621469C
:100B0000FFF7F4FC80B2A8F8040000FB07F7E81B2D
:100B100064F100010D4B186059600D4B1A683346A3
:100B2000FFF7E4FCA8F8060002B0BDE8F08100BFC2
:100B3000001000E0BC020024B0020024C80200241F
:100B4000A002002498020024C40200249002002481
:100B5000C0020024CC02002408B5FFF793FF0B4A23
:100B6000116893884FF47A7000FB013300EE103A5D
:100B7000B8EE400AD38807EE903AF8EEE77A9FED98
:100B8000047A67EE877A30EE270A08BDCC0200248B
:100B90006F12833A08B5FFF775FF074A116893880B
:100BA0004FF47A7000FB03F3044800FB0133D08854
:100BB0001844002108BD00BFCC02002440420F00B1
:100BC000D0ED017A90ED0D7AD0ED0E6A37EE267AEF
:100BD000F6EE006A27EE267A67EE877A90ED197AAC
:100BE00067EE877AC0ED137A7047D0ED0D7A90EDFD
:100BF000117A27EE877AB5EEC07AF1EE10FA26DD8B
:100C0000F5EEC07AF1EE10FA1CDD90ED087AB4EE44
:100C1000E77AF1EE10FA1ADAD0ED076A37EE266AB3
:100C2000B4EEE76AF1EE10FA0FDB90ED136A76EEA0
:100C3000E77A37EE277AC7EE267A66EE277AC0ED96
:100C4000137A7047F1EE677ADFE70023C3647047D9
:100C5000D0ED116A90ED137A36EE877A1F4B83ED53
:100C6000007AD0ED107A76EEA77A90ED126A77EEE0
:100C7000867A1B4BC3ED007AF5EEC07AF1EE10FADE
:100C800028DD90ED036AB4EEE76AF1EE10FA0AD5BA
:100C9000D0ED0D7A66EEA76AF5EEC06AF1EE10FAB5
:100CA00001DD0023C364D0ED067AB4EEE77AF1EEFD
:100CB00010FA03DD0023C364C0ED117AF1EE677A08
:100CC000B4EEE77AF1EE10FA03D50023C364C0ED69
:100CD000117A7047F1EE677AD3E700BFD80200249B
:100CE000D4020024D0ED027A90ED0C7AD0ED0B6A9C
:100CF00037EE667A67EE877AD0ED196A87EEA67AC4
:100D000080ED127A704790ED126AD0ED197A26EED6
:100D1000276A90ED0A7A77EE877AC6EE276A90ED19
:100D2000166A27EE067A87EE276A76EE867AC0ED97
:100D3000127A704790ED146AD0ED197A26EE276A80
:100D400090ED097A77EE877AC6EE276A90ED156AFC
:100D500027EE067A87EE276A76EE867AC0ED147A59
:100D6000704790ED147AD0ED037AB4EEE77AF1EEA5
:100D700010FA01DDC0ED147A90ED147AF1EE677A85
:100D8000B4EEE77AF1EE10FA01D5C0ED147A7047AF
:100D900090ED147AB0EEC77AD0ED037ADFED1D6ADC
:100DA00067EEA67AB4EEE77AF1EE10FA2BD4D0ED26
:100DB000177AB0EEE77ADFED186AB4EEE67AF1EE74
:100DC00010FA20D4D0ED0B6A77EEE67AF0EEE77AEF
:100DD000C7EE876ADFED117AF4EEE76AF1EE10FAFA
:100DE00012DD836EC26E013342F100028366C26679
:100DF000816EC36E40F2F512914273F1000302D38B
:100E0000012380F87030704700220023C0E91A23C4
:100E1000EEE700BF6F12833A17B7D1383333733F11
:100E200038B5054678200BF0E5F804467822002115
:100E30000CF0DAFF2B6823606B686360AB68A3601B
:100E4000EB68E3602B6923612B7D2375AB69A3619C
:100E5000EB69E3612B6A23626B6A6362AB6AA3622C
:100E600004F16000FFF7EAFD044A1378591C117081
:100E7000034A42F82340204638BD00BF54030024F3
:100E8000DC02002410B52DED028B0446F0EE408A02
:100E9000B0EE608A90F91430002B71DB04F1600031
:100EA000FFF7CCFD84ED190AC4ED0B8A84ED178A97
:100EB00078EE680AC4ED0D0AF5EEC00AF1EE10FAFC
:100EC00061DDF0EE607A94ED047AB4EEE77AF1EE4B
:100ED00010FA73D5D4ED007A60EEA77AC4ED107ADB
:100EE000D4ED017A60EEA77A60EE277AC4ED137A2A
:100EF000D4ED027A94ED0E7A70EEC70A67EEA07A0E
:100F000087EE807A84ED127A237D13F0040F3DD1B1
:100F1000237D13F0200F3DD1237D13F0020F3DD12F
:100F2000237D13F0400F3DD1237D13F0010F3DD100
:100F3000D4ED117A94ED137A77EE877AC4ED117AB5
:100F400094ED107A77EE877A94ED127A77EE877ABD
:100F5000C4ED147A237D13F0100F2BD12046FFF738
:100F600000FFE36A236394ED140A84ED150AA36C71
:100F7000A365636BA363E36CE363BDEC028B10BDFD
:100F8000FFF706FF8AE7F1EE607A9CE72046FFF75D
:100F900017FEBDE72046FFF728FEBDE72046FFF716
:100FA000A1FEBDE72046FFF7AEFEBDE72046FFF7F6
:100FB0004FFEBDE72046FFF7BDFECFE700232365C8
:100FC000E364CEE70346002080ED000AC0ED010A8D
:100FD00080ED021AC0ED061A80ED032AC0ED042A46
:100FE000037570477047704710B44FF0E0235C6999
:100FF000C0EB00104FEA401C9B69002104E0E01A9E
:1010000002441144614509D21A464FF0E0239B691E
:101010009A42FAD0F3D9D21A1144F3E75DF8044B9F
:10102000704710B504E04FF47A70FFF7DDFF2046FB
:10103000431E9CB20028F6D110BD000008B5002266
:101040000121024804F082F908BD00BF00080258DF
:1010500008B501221146024804F078F908BD00BF26
:101060000008025808B500220821024804F06EF971
:1010700008BD00BF0008025808B501220821024837
:1010800004F064F908BD00BF0008025800B587B03D
:101090008DF80F004FF47A73009301230DF11702BE
:1010A0000DF10F01034806F081FF9DF8170007B00E
:1010B0005DF804FB80B9002410B50C46FFF7E6FF8D
:1010C0002046FFF7E3FF10BD10B50C4640F080004E
:1010D000FFF7DCFF5520FFF7D9FF207010BD38B5B2
:1010E0000D46144640F08000FFF7D0FF06E0552083
:1010F000FFF7CCFF05F8010B013CE4B2002CF6D160
:1011000038BD000070B5FFF799FF8020FFF7BEFFE4
:101110005520FFF7BBFF5520FFF7B8FFFFF798FFFB
:101120009620FFF761FFFFF789FF8020FFF7AEFFF2
:101130005520FFF7ABFF5520FFF7A8FFFFF788FF0B
:101140009620FFF751FFFFF779FFB6217E20FFF7CA
:10115000B3FFFFF77DFF5020FFF763FFFFF76EFF40
:101160008020FFF793FF5520FFF790FF5520FFF7F2
:101170008DFFFFF76DFF9620FFF736FFFFF75EFF4D
:101180008020FFF783FF5520FFF780FF5520FFF7F2
:101190007DFF0446FFF75CFF9620FFF725FF1E2C1E
:1011A00032D10024052C2DD8FFF748FF174A04EB55
:1011B0004403D1184E78D55C31462846FFF77CFFB2
:1011C000FFF746FF9620FFF70FFFFFF737FF45F0C9
:1011D0008000FFF75BFF5520FFF758FF5520FFF712
:1011E00055FF0546FFF734FF9620FFF7FDFEAE42A0
:1011F00002D10134E4B2D5E704EB4404034B2344A9
:10120000987800E0002070BDFF20FCE7A0E6000811
:1012100070B582B000248DF80740FFF723FF0DF171
:1012200007012046FFF750FFFFF726FF9620FFF744
:10123000DBFEFFF717FF0DF107012046FFF744FF24
:10124000FFF71AFF9620FFF7CFFEFFF70BFFB6213F
:101250001420FFF731FFFFF70FFF5020FFF7E1FEEB
:10126000FFF700FF0DF107012046FFF72DFFFFF705
:1012700003FF9620FFF7B8FEFFF7F4FE0DF107011C
:101280002046FFF721FFFFF7F7FE9620FFF7ACFEA1
:101290009DF807300F2B2ED1052C29D8FFF7E2FE41
:1012A000164A04EB4403D1184D78D65C29463046E3
:1012B000FFF702FFFFF7E0FE9620FFF795FEFFF72E
:1012C000D1FE0DF107013046FFF7FEFEFFF7D4FE19
:1012D0009620FFF789FE9DF807309D4202D1013428
:1012E000E4B2D9E704EB4404044B2344987800E0CB
:1012F000002002B070BDFF20FBE700BF8CE60008B5
:1013000010B5FFF76FFEFFF76EFEFFF7FBFE04461A
:10131000FFF77EFF2043C0B210BD0000F0B583B0E0
:1013200006460D461446002700970197FFF786FEF4
:101330009220FFF7ABFE062269461220FFF7CFFE90
:10134000FFF786FE9DF801301B021BB29DF80020BE
:10135000134307EE903AF8EEE77A474A92ED007AA7
:1013600067EE877AC5ED007A9DF803301B021BB249
:101370009DF802100B4307EE903A92ED007AF8EEDA
:10138000E77A67EE877AC5ED017A9DF805301B0292
:101390001BB29DF80420134307EE903AF8EEE77A6B
:1013A00067EE877AC5ED027AFFF75CFE0822694690
:1013B0003846FFF794FEFFF75FFE9DF800300F2BD5
:1013C00027D0FFF73BFEA220FFF760FE022269460E
:1013D0002220FFF784FEFFF73BFE9DF800209DF8DA
:1013E00001305B0943EAC203B3F5806F01DBA3F56B
:1013F000006307EE903AF8EEE77AB4EE007A67EE13
:10140000877AB3EE077A77EE877AC4ED007A03B075
:10141000F0BD9DF803301B021BB29DF80220134360
:1014200007EE903AF8EEE77A144A92ED007A67EE0A
:10143000877AC6ED007A9DF805301B021BB29DF835
:1014400004100B4307EE903A92ED007AF8EEE77A3B
:1014500067EE877AC6ED017A9DF807301B021BB252
:101460009DF80620134307EE903AF8EEE77A67EE10
:10147000877AC6ED027AA4E708000024040000245D
:10148000F0B58BB000240294039402260496012543
:101490000595069407941A4F02A9384603F08EFA70
:1014A0000094234632463146384603F0CCFA2A46A9
:1014B0002946384603F0E2FA124F02A9384603F0F3
:1014C0007DFA0094234632463146384603F0BBFA93
:1014D0002A462946384603F0D1FA0B4F02A938466E
:1014E00003F06CFA0094234632463146384603F046
:1014F000AAFA2A462946384603F0C0FA0BB0F0BDD6
:101500009C060024FC0500245C05002470B5FFF750
:10151000B7FF0E4E304603F0E0FA0D4D284603F0BB
:10152000DCFA0C4C204603F0D8FA002201213046A8
:1015300003F01AFC00220121284603F015FC0022CA
:101540000121204603F010FC70BD00BF9C06002462
:10155000FC0500245C05002411F0010F00D1704748
:1015600000B58DB06B4602AA402103F00BFB029B35
:10157000A3F20122062A29D8013BDBB2154A1370D7
:10158000154903EB830201EB420031F912C0A0F8C8
:1015900008C09DF800E09DF801C04CEA0E2C21F82F
:1015A00012C09DF80220120212B29DF803C042EA56
:1015B0000C0242809DF80420120212B29DF805C070
:1015C00042EA0C0282809DF8062082710DB05DF81F
:1015D00004FB00BF550300246803002400B58BB052
:1015E00001910021029103910493059106910791C5
:1015F0000891099101A903F08AFA10B90BB05DF8BE
:1016000004FB0120FAE7000008B594460B4A4FEAB4
:10161000202E82F800E0507008129070D1704FEACE
:101620002C21117182F805C019129171D371082310
:1016300040F2FF110248FFF7D1FF08BD600300240C
:10164000FC05002408B594460B4A4FEA202E82F888
:1016500000E0507008129070D1704FEA2C21117187
:1016600082F805C019129171D37108234FF40071EB
:101670000248FFF7B3FF08BD580300249C0600246E
:1016800000F0030000EB8000014B03EB40007047CB
:101690006803002488B0002301930293039304930A
:1016A000059306930793244B1B78202B01D008B099
:1016B0007047214A5278402AF9D14FF6FF715940BC
:1016C000891A1E4B1980002315E05900CA1C1A48BC
:1016D00010F802C05A1C10F8120040EA0C23203106
:1016E000694421F81C3C15490B88A3EB0C039BB201
:1016F0001B1A0B8013460D2BE7DD0F4BDA7F9B7F08
:1017000043EA02230E4A13800C4A12889342CED138
:10171000002308E008AA02EB430232F81C1C094A25
:1017200022F813100133052BF4DD074B054A07CAD5
:1017300083E80700BBE700BFEC030024BE030024DE
:10174000BC030024C0030024B003002408B52022F9
:101750000249034808F0D0FA08BD00BFCC030024BA
:10176000B0BB002430B4054C054D0FCD0FC495E837
:101770000F0084E80F0030BC704700BFEC0300246A
:10178000CC03002408B520220249034808F0B4FA2B
:1017900008BD00BFCC030024B0BB002410B5072057
:1017A000DFED092A9FED092ADFED091A9FED091ADD
:1017B000DFED090AB3EE040AFFF704FC074C606092
:1017C000FFF72EFB206010BD0000000000007A46ED
:1017D0000000FA446F12833ACDCCCC3D10040024B3
:1017E00008B5044B1868FFF74DFB034B83ED000A67
:1017F00008BD00BF100400240C04002408B501201B
:10180000FFF73EFF0246034B0068516803C312898D
:101810001A8008BD1804002408B5FFF7BFFFFFF7C2
:10182000EDFF0B4BB3F90A3000EE103A094BD3ED44
:10183000000AB8EEC00AFFF7D3FFBDEEC00A064BA0
:1018400010EE102A5A8001200AF067F9E7E700BF7E
:10185000100400240C0000249004002408B509E0C2
:10186000094B00221A70084B1A78084B1A70012095
:101870000AF053F9064B1B89B3F5FA6FF0D1024B0E
:1018800001221A70EFE700BF28040024240400247A
:10189000B003002408B5FFF759FFFFF7FBFE012056
:1018A0000AF03BF9F9E70000274AD2ED007A274B0E
:1018B000C3ED007A264B93ED007A82ED007A30EE8C
:1018C000600A83ED000A20EE011A224B83ED001A14
:1018D00077EE006A77EEA67A67EEA17A1E4BC3ED2B
:1018E000007AF4EEE27AF1EE10FA01DDC3ED002A9F
:1018F00030EE470A20EE020A184B83ED000A164B21
:10190000D3ED007A31EE271A30EE010A144B83ED45
:10191000000AB4EEC30AF1EE10FA01DD83ED003ADD
:101920000F4BD3ED007AF5EEC07AF1EE10FA08D441
:101930000B4BD3ED007AFCEEE77A17EE903A98B2B3
:10194000704700221A60F3E7400400243C0400249E
:101950004404002438040024340400243004002407
:101960002C0400244FF07E53036000234360836007
:10197000C360704708B5D2ED022A92ED012AD2ED7C
:10198000001A91ED021AD1ED010A91ED000AFEF75D
:10199000BFFE08BDF8B52DED028B04460F46164676
:1019A0001D46D0ED000A90ED030A20EE800AD0ED2E
:1019B000017A90ED027A27EE877A30EE070A60EE20
:1019C000A00A67EEA77A70EEA70A70EEA00AB7EE3B
:1019D000008A70EEC80A30EE000A0CF019FB87EDA1
:1019E000000AD4ED017A94ED037A67EE877A94EDDC
:1019F000007AD4ED026A27EE267A77EEC77AB8EE3F
:101A0000000A27EE800A0CF0D7FA86ED000AD4ED22
:101A1000000A94ED010A20EE800A94ED027AD4EDDA
:101A2000037A27EE277A30EE070A60EEA00A67EE07
:101A3000A77A70EEA70A70EEA00A70EEC80A30EE20
:101A4000000A0CF0E5FA85ED000ABDEC028BF8BD4A
:101A50002DE9F0470A200AF060F80C212C4807F025
:101A60000BFA02E064200AF058F8FFF749FC00285E
:101A7000F8D12848FFF776FFFFF78CF805460F46A8
:101A8000DFF8B490244C254E4A4621463046FFF7F5
:101A900045FCDFF880A0224631465046FFF76AFF3A
:101AA0001F4EA6F108083346321F41465046FFF745
:101AB00071FFDFED1C1A9FED1C3AF0EE612AB2EEC9
:101AC000042A9FED1A1AD9ED000AB3EE0E0AFFF7A9
:101AD000EBFE0F4B1B6818642268154BDA606268D6
:101AE0001A61A2685A6156F8082C9A6056F8042CBC
:101AF0001A60D8F808205A60FFF74CF8401B61EBD9
:101B000007010C4B1860596001200AF006F8B3E792
:101B100054BA00245C040024700400247C040024D3
:101B2000580400240000C8420000FA450000964313
:101B3000EC040024480400246C04002408B5FFF7DA
:101B4000E5FC0D48B0F90630B0F90420B0F90210F8
:101B5000B0F90000FFF776FD0848B0F90630B0F99B
:101B60000420B0F90210B0F90000FFF74DFD01208C
:101B700009F0D3FFE5E700BF9004002488040024A7
:101B8000013803282CD8DFE800F0020C1621DFED25
:101B9000157A20EE270ABCEEC00A134B83ED0F0A1C
:101BA0007047DFED107A20EE270ABCEEC00A0E4B1C
:101BB00083ED0D0A7047DFED0B7A20EE270ABCEEAD
:101BC000C00A4FF0804383ED0F0A7047DFED057ABE
:101BD00020EE270ABCEEC00A4FF0804383ED0D0AC9
:101BE000704700BF007EBB460000014038B52DEDB8
:101BF000028B0024434B1C709FED438AB0EE480AD1
:101C00000120FFF7BDFFB0EE480A0220FFF7B8FF42
:101C1000B0EE480A0320FFF7B3FFB0EE480A0420F5
:101C2000FFF7AEFF394D2146284607F025F9082178
:101C3000284607F021F9364D2146284607F01CF9C1
:101C40000821284607F018F94EE0324B93ED000AC0
:101C5000DFED2D7A30EE270A2F4C84ED000A93ED4C
:101C6000017A37EE277A84ED017A93ED027A37EE26
:101C7000277A84ED027A93ED037A77EE277AC4ED22
:101C8000037A0120FFF77CFF94ED010A0220FFF7A1
:101C900077FF94ED020A0320FFF772FF94ED030A29
:101CA0000420FFF76DFF27E0DFED178AB0EE680A2A
:101CB0000120FFF765FFB0EE680A0220FFF760FF22
:101CC000B0EE680A0320FFF75BFFB0EE680A04205D
:101CD000FFF756FFFEF740FF30EE480A0F4B83ED4B
:101CE000000A012009F019FFFEF736FFB0EE408A26
:101CF000044B1B78012BA8D0024B1B78002BD3D0B0
:101D0000E8E700BF28040024CDCC4C3DECBA002409
:101D1000A0BA0024B40400249C04002498040024E5
:101D200008B5012009F0F9FEFBE700003A4B9B885B
:101D300040F2DC52934237D807EE903AF8EE677AD9
:101D40009FED367A77EEC77AB2EE047A67EEC77AFD
:101D5000334BC3ED007A334B93ED005A304AD2ED4A
:101D6000007A75EE276A93ED016A76EE865A93ED56
:101D7000027A75EEC75A2C4BC3ED005A77EEC57A3E
:101D800076EE275A77EE255AC3ED015A77EEC67ADA
:101D900077EEC77AC3ED027A76EEC66A37EE267A18
:101DA00083ED037A00231BE01D4B00221A60D2E76B
:101DB000F5EEC07AF1EE10FA26D91B4A02EB830247
:101DC000D2ED006A9FED197AC6EE877A9FED187AF8
:101DD00067EE877A174A02EB8302C2ED007A01337D
:101DE000032B17DC104A02EB8302D2ED007A9FED41
:101DF0000F7AF4EEC77AF1EE10FAD9DB0A4A02EB59
:101E0000830282ED007AD8E7074A02EB83020021C1
:101E10001160D2E7704700BFB00300240080BB44CC
:101E2000B004002404050024C40400240000FA4582
:101E3000CDCC4C3DB404002410B52DED048BDFED6A
:101E4000419A9FED418A9FED419ADFED418A07203B
:101E5000F6EE002AB0EE692AF0EE481AB0EE491A02
:101E6000F0EE480AB0EE680AFFF7ACF8394C606053
:101E7000FEF7D6FF20600720F0EE482AB3EE0E2AC8
:101E8000F0EE481AB0EE481AF0EE480AB7EE000A33
:101E9000FFF798F8304C6060FEF7C2FF2060072023
:101EA000F6EE002AB0EE692AF0EE481AB0EE491AB2
:101EB000F0EE480AB0EE680AFFF784F8274C60603D
:101EC000FEF7AEFF20600720F0EE482AB3EE0E2AA0
:101ED000F0EE481AB0EE481AF0EE480AB7EE000AE3
:101EE000FFF770F81E4C6060FEF79AFF2060072035
:101EF000F6EE002AB0EE692AF0EE481AB0EE491A62
:101F0000F0EE480AB0EE680AFFF75CF8154C606026
:101F1000FEF786FF20600720DFED132AB3EE0E2ABE
:101F2000F0EE481AB0EE481AF0EE480AB7EE000A92
:101F3000FFF748F80D4C6060FEF772FF2060BDECC3
:101F4000048B10BD0000FA45000000000AD7233CB6
:101F500000000C43500500244805002440050024DF
:101F600038050024300500249A99993E280500245C
:101F7000F8B54A4B1B78012B62D0494B00221A60FE
:101F80005A60484A92689A60474B93ED027ADFEDB7
:101F9000477A27EE277A434C84ED027A93ED017A53
:101FA00027EE277A84ED017A93ED000A20EE270AC6
:101FB00084ED000ADA68E2601A6922615B69636194
:101FC000374FD7ED000A3A4B1868FEF75BFFF0EE8B
:101FD000400A384E86ED000A94ED030A364B186825
:101FE000FEF750FF354D85ED000AD7ED010A94ED5F
:101FF000010A334B1868FEF745FFF0EE400A86ED04
:10200000010A94ED040A2F4B1868FEF73BFF85ED9B
:10201000010AD7ED020A94ED020A2B4B1868FEF76D
:1020200031FFF0EE400A86ED020A94ED050A274BD7
:102030001868FEF727FF85ED020AFFF777FEF8BD67
:10204000174BD3ED026A224AD18807EE901AF8EEB8
:10205000677A9FED207A77EEC77A9FED1F6A67EE69
:10206000867A76EEE77AC3ED027A518807EE901A07
:10207000F8EE677A77EEC77ADFED186A67EEA67A30
:10208000C3ED017A128807EE902AF8EE677A77EEB0
:10209000C77A67EEE67AC3ED007A75E72804002474
:1020A00010050024D4040024EC0400241B2F6542F6
:1020B000480500241C0500245005002404050024C4
:1020C000380500244005002428050024300500249C
:1020D000B00300240080BB4417B7D1388FC2753DD0
:1020E00038B5FFF7A9FEFEF755FD04460D46FFF78C
:1020F0003FFFFEF74FFD001B61EB0501FEF7B0F956
:10210000024B1860012009F008FDECE7AC04002444
:1021100000B583B00B4BD3F8D82042F00102C3F8CE
:10212000D820D3F8D83003F001030193019B00229B
:1021300005210B2001F0EEF80B2001F0FBF803B0B5
:102140005DF804FB0044025810B51548154B0360B8
:1021500000238360C360037443748374032141616B
:102160000A2282611D24C461026241628262C462E9
:102170000263436301228263C363016404224264F5
:102180008364C264036542658365C3650166436613
:10219000826602F0C9FA00B910BD00F0CFFAFBE781
:1021A0009C06002400A0004010B51648164B0360A2
:1021B00000238360C360037443748374032141610B
:1021C0000A2282611D24C461026241628262C46289
:1021D000026340F20642426301228263C3630164E8
:1021E000042242648364C264036542658365C365F7
:1021F00001664366826602F097FA00B910BD00F0EE
:102200009DFAFBE7FC05002400A4004010B5164829
:10221000164B036000238360C360037443748374AC
:10222000032141610A2282611D24C461026241626C
:102230008262C462026340F6120242630122826338
:10224000C3630164042242648364C264036542651B
:102250008365C36501664366826602F065FA00B96C
:1022600010BD00F06BFAFBE75C05002400D40040D1
:1022700030B5BBB004460021359136913791389185
:102280003991B82206A80BF0AFFD23686F4A93423C
:1022900008D06F4A93424BD06E4A934200F08E8032
:1022A0003BB030BD4FF400420023CDE906234FF090
:1022B0008053219306A804F0F5FD40BB664A1368DD
:1022C00001331360012B25D0644BD3F8E02042F09A
:1022D0000802C3F8E020D3F8E03003F008030193CC
:1022E000019B0323359302233693002437943894BB
:1022F0000923399335A95A4802F01EFF22460521C9
:10230000132001F007F8132001F014F8C8E700F0DB
:1023100015FAD3E7514BD3F8EC2042F48072C3F89E
:10232000EC20D3F8EC3003F480730093009BCBE7F0
:102330004FF400420023CDE906234FF08053219350
:1023400006A804F0AFFD40BB434A13680133136095
:10235000012B25D0414BD3F8E02042F00202C3F814
:10236000E020D3F8E03003F002030393039B6023E3
:1023700035930223369300243794389409233993F4
:1023800035A9384802F0D8FE22460521142000F075
:10239000C1FF142000F0CEFF82E700F0CFF9D3E7B1
:1023A0002E4BD3F8EC2042F48072C3F8EC20D3F823
:1023B000EC3003F480730293029BCBE74FF40042AE
:1023C0000023CDE906234FF08053219306A804F0A3
:1023D00069FD48BB204A136801331360012B26D0E6
:1023E0001E4BD3F8E02042F00802C3F8E020D3F8F7
:1023F000E03003F008030593059B4FF440533593F9
:10240000022336930024379438940525399535A94D
:10241000134802F091FE224629469F2000F07AFFE1
:102420009F2000F087FF3BE700F088F9D2E70B4BD5
:10243000D3F8EC2042F48072C3F8EC20D3F8EC30EF
:1024400003F480730493049BCAE700BF00A000401C
:1024500000A4004000D40040580500240044025865
:10246000000C02580004025808B50BF019F90120BD
:1024700009F053FBFBE70000034B0360034B0B60C9
:1024800080231360704700BF980D0024980B002430
:10249000034B0360034B0B604FF480731360704772
:1024A0003C0B00243C07002410B5C0B0504C0DF18B
:1024B000E40CA646BEE80F00ACE80F009EE807005B
:1024C0008CE80700002139A809F0F4FA494B18609C
:1024D0000DF1C80C04F11C0EBEE80F00ACE80F00B3
:1024E0009EE807008CE80700002132A809F0E2FA14
:1024F000414B18600DF1AC0C04F1380EBEE80F0032
:10250000ACE80F009EE807008CE8070000212BA82C
:1025100009F0D0FA394B18600DF1900C04F1540E0B
:10252000BEE80F00ACE80F009EE807008CE807004B
:10253000002124A809F0BEFA314B18600DF1740C8B
:1025400004F1700EBEE80F00ACE80F009EE8070033
:102550008CE8070000211DA809F0ACFA294B18608F
:102560000DF1580C04F18C0EBEE80F00ACE80F0022
:102570009EE807008CE80700002116A809F09AFAE7
:10258000214B18600DF13C0C04F1A80EBEE80F00C1
:10259000ACE80F009EE807008CE8070000210FA8B8
:1025A00009F088FA194B18600DF1200C04F1C40EE3
:1025B000BEE80F00ACE80F009EE807008CE80700BB
:1025C000002108A809F076FA114B18600DF1040CEF
:1025D000E0340FCCACE80F0094E807008CE807006B
:1025E000002101A809F066FA0A4B186040B010BD3E
:1025F00044E50008F4B80024F0B8002490980024C2
:1026000030880024D077002470570024104700241D
:10261000B0360024502E002470B58CB000240794EE
:10262000089409940A940B943B4BD3F8E02042F0B1
:102630000402C3F8E020D3F8E02002F00402019283
:10264000019AD3F8E02042F08002C3F8E020D3F8EA
:10265000E02002F080020292029AD3F8E02042F0D9
:102660000102C3F8E020D3F8E02002F00102039257
:10267000039AD3F8E02042F00202C3F8E020D3F836
:10268000E02002F002020492049AD3F8E02042F023
:102690001002C3F8E020D3F8E02002F01002059207
:1026A000059AD3F8E02042F00802C3F8E020D3F8FE
:1026B000E03003F008030693069B184D01224FF407
:1026C0006041284602F042FE22460921284602F0D7
:1026D0003DFE4FF4604307930126089609940A943F
:1026E00007A9284602F028FD0923079308960994B4
:1026F00003230A9307A9284602F01EFD4FF48073B6
:1027000007930223089309940A940B9407A9044899
:1027100002F012FD0CB070BD0044025800080258CF
:102720000000025808B50268034B9A4200D008BD69
:1027300000F078FDFBE700BF00E0004072B6FEE766
:1027400000B59DB04C22002109A80BF04DFB2022C2
:10275000002101A80BF048FB022003F06FFC0023CE
:102760000093264B9A6922F440429A619B6903F4D4
:1027700040430093009B214B9B6913F4005FFAD008
:10278000232309934FF480330A9301220C924023B0
:102790000D930F92022312931393149328211591F2
:1027A00016920422179218930C23199300231A935C
:1027B0001B9309A803F074FCD8B93F2301930321AC
:1027C0000291002303930823049340230593069367
:1027D0004FF480620792089301A804F0A1F850B961
:1027E0004FF480220021084603F04CFF1DB05DF835
:1027F00004FBFFF7A3FFFFF7A1FF00BF004802584B
:1028000008B500F0E1FCFFF79BFFFFF705FFFFF7BE
:102810007FFC00F019F800F0B1FB00F045F800F083
:10282000C7FA00F04BFBFFF78FFCFFF7BDFCFFF78B
:10283000EDFC00F0FDFB4FF4F070FEF7C9F8FFF778
:1028400033FE09F032F9FEE708B51548154B036071
:102850004FF480034360002383600722C2604FF07F
:10286000007202614FF0807242614FF080628261BB
:102870004FF08042C261036243628362C36242637B
:102880008363C363036443648364C3640365436510
:10289000836505F0C3FA00B908BDFFF74FFFFBE7FA
:1028A00080B900240038004008B51648164B036074
:1028B0004FF4800343604FF4003383600723C36009
:1028C000002303614FF0807242614FF080628261A9
:1028D0004FF08052C261036243628362C3624FF071
:1028E000804242638363C363036443648364C36459
:1028F00003654365836505F091FA00B908BDFFF7EC
:102900001DFFFBE7F8B8002400140058F0B5BBB079
:102910000446002135913691379138913991B8228A
:1029200006A80BF061FA2368514A934204D0514A39
:1029300093424DD03BB0F0BD4FF480520023CDE91F
:10294000062306A804F0AEFA00283ED14A4BD3F87D
:10295000E82042F48042C3F8E820D3F8E82002F4EB
:1029600080420092009AD3F8E02042F00402C3F8BB
:10297000E020D3F8E02002F004020192019AD3F89B
:10298000E02042F00202C3F8E020D3F8E03003F088
:1029900002030293029B06233593022736970026F3
:1029A0003796032538950524399435A9334802F024
:1029B000C3FB4FF4005335933697379638953994C7
:1029C00035A92F4802F0B8FBB4E7FFF7B7FEBDE723
:1029D0004FF480420023CDE906234FF0A04331930A
:1029E00006A804F05FFA00283ED1234BD3F8F42068
:1029F00042F02002C3F8F420D3F8F42002F02002C1
:102A00000392039AD3F8E02042F00102C3F8E020D9
:102A1000D3F8E02002F001020492049AD3F8E020F7
:102A200042F00402C3F8E020D3F8E03003F00403DE
:102A30000593059B80233593022536950024379412
:102A400038940823399335A90E4802F075FB4FF4EA
:102A5000805335933695379438940523399335A9A7
:102A6000064802F069FB65E7FFF768FEBDE700BFB7
:102A70000038004000140058004402580008025872
:102A8000000402580000025800B583B00A4BD3F886
:102A9000F42042F00202C3F8F420D3F8F43003F03B
:102AA00002030193019B00220F216FF0010000F04F
:102AB00031FC03B05DF804FB004402580F2801D933
:102AC0000120704710B58AB0044600220146A120BB
:102AD00000F020FCA12000F02DFC174B1C60174BD0
:102AE000D3F8EC2042F08072C3F8EC20D3F8EC303D
:102AF00003F080730093009B01A902A804F0A0F8E2
:102B000004F08CF843000E4AA2FB03239B0C013B0C
:102B10000C480D4A026040F2E732C2604360002375
:102B20000361836005F0A8FF10B101200AB010BD59
:102B3000044805F0FFFDF9E71C000024004402589A
:102B400083DE1B4308BA002400E00040FEE7FEE7F6
:102B5000FEE7FEE7FEE7704708B5024801F018F906
:102B600008BD00BF38BB002408B5024802F054F984
:102B700008BD00BF9C06002408B5024802F04CF9CD
:102B800008BD00BFFC05002408B5024802F015FF8F
:102B900008BD00BFE811012408B5024802F03CF965
:102BA00008BD00BF5C05002408B5024805F017FE0B
:102BB00008BD00BF08BA0024224AD2F8883043F486
:102BC0007003C2F88830204B1B6803F00F03062BFC
:102BD00006D81D4A136823F00F0343F00703136060
:102BE0001A4B1A6842F001021A6000221A61196831
:102BF000174A0A401A60144B1B6813F0080F06D0DE
:102C0000114A136823F00F0343F0070313600F4BBF
:102C100000229A61DA611A620E4999620E49D962FC
:102C20000E4919635A639963DA6319645A6419681F
:102C300021F4802119601A66094B43F2D2021A600E
:102C4000704700BF00ED00E0002000520044025831
:102C50007FEDF6EA000202020000FF01800201019E
:102C60000040005284B003681A4A934207D0B3F17F
:102C7000804F12D0184A93421DD004B07047174BB2
:102C8000D3F8F02042F00102C3F8F020D3F8F0307E
:102C900003F001030193019BEFE7104BD3F8E82009
:102CA00042F00102C3F8E820D3F8E83003F0010352
:102CB0000293029BE1E7094BD3F8E82042F00202BD
:102CC000C3F8E820D3F8E83003F002030393039B32
:102CD000D3E700BF00000140000400400044025858
:102CE00000B589B0002303930493059306930793DB
:102CF0000368294A934208D0B3F1804F1ED0274A77
:102D0000934233D009B05DF804FB254BD3F8E020A3
:102D100042F01002C3F8E020D3F8E03003F01003D3
:102D20000093009B4FF40853039302230493012361
:102D3000079303A91B4802F0FFF9E3E7184BD3F808
:102D4000E02042F00102C3F8E020D3F8E03003F0C5
:102D500001030193019B05230393022304930123A1
:102D6000079303A9104802F0E7F9CBE70C4BD3F81F
:102D7000E02042F00202C3F8E020D3F8E03003F094
:102D800002030293029B022303930493079303A974
:102D9000064802F0D1F9B5E7000001400004004008
:102DA0000044025800100258000002580004025863
:102DB00010B59CB00024189419941A941B9415947F
:102DC000169417940E940F941094119412941394D3
:102DD00014943422214601A80BF006F83548364BEE
:102DE0000360C7234360846045F6BF53C36004613A
:102DF00044618023836105F03FFE002845D14FF4F4
:102E00008053189318A92B4805F08AFF00283FD15A
:102E1000284805F061FE00283DD100231593169344
:102E2000179315A9234806F0E7F8002836D1602348
:102E30000E9300220F9210921192129213921492FA
:102E40000EA91C4805F0C2FE58BB08220EA919485D
:102E500005F0BCFE40BB002301930293039304934F
:102E600005934FF400520692079309934FF00072B6
:102E70000A920B930D9301A90E4806F015F9B0B90B
:102E80000C48FFF72DFF1CB010BDFFF757FCB6E74D
:102E9000FFF754FCBCE7FFF751FCBEE7FFF74EFC21
:102EA000C5E7FFF74BFCD0E7FFF748FCD3E7FFF798
:102EB00045FCE5E7ECBA00240000014000B58FB006
:102EC00000230A930B930C930D9307930893099394
:102ED000009301930293039304930593069326486A
:102EE0004FF080420260C7224260836045F6BF52C5
:102EF000C26003618023836105F0BEFD50BB4FF4C7
:102F000080530A930AA91C4805F00AFF28BB1A48F7
:102F100005F0E2FD20BB00230793099307A916489B
:102F200006F06AF8F8B96023009300220192029239
:102F300004926946104805F049FEB8B9082269466E
:102F40000D4805F043FEA0B90B48FFF7C9FE0FB0CE
:102F50005DF804FBFFF7F2FBD1E7FFF7EFFBD6E7E5
:102F6000FFF7ECFBD7E7FFF7E9FBDCE7FFF7E6FB52
:102F7000E4E7FFF7E3FBE7E7A0BA002400B58FB072
:102F800000230A930B930C930D93079308930993D3
:102F900000930193029303930493059306932248AD
:102FA000224A026017224260836042F20F72C260BE
:102FB00003618023836105F05FFD28BB4FF48053DC
:102FC0000A930AA9184805F0ABFE00BB164805F0A5
:102FD00083FDF8B900230793099307A9124806F067
:102FE0000BF8D0B96023009300230193029304935C
:102FF0000C2269460C4805F0E9FD88B90A48FFF73C
:103000006FFE0FB05DF804FBFFF798FBD6E7FFF704
:1030100095FBDBE7FFF792FBDCE7FFF78FFBE1E7D0
:10302000FFF78CFBEAE700BF54BA0024000400401D
:1030300008B51748174B03604FF4E1334360002392
:103040008360C36003610C2242618361C3610362D8
:103050004362836206F0C5FD70B900210C4806F09A
:10306000B6FE60B900210A4806F0D6FE50B90848FD
:1030700006F08EFE48B908BDFFF760FBEDE7FFF7ED
:103080005DFBEFE7FFF75AFBF1E7FFF757FBF2E7CE
:10309000B0BB0024007C004030B5B7B0044600212E
:1030A00031913291339134913591B82202A80AF0CE
:1030B0009BFE22682A4B9A4201D037B030BD0222D3
:1030C0000023CDE9022302A803F0ECFE002840D142
:1030D000244BD3F8E82042F00042C3F8E820D3F8AC
:1030E000E82002F000420092009AD3F8E02042F07B
:1030F0001002C3F8E020D3F8E03003F0100301938E
:10310000019B032331930223329300253395349599
:103110000823359331A9144802F00EF81348144BD4
:103120000360512343608560C5604FF48063036191
:10313000456185614FF48073C3614FF4403303628E
:10314000456200F00BFB38B9084BC4F880309C6333
:10315000B3E7FFF7F3FABBE7FFF7F0FAF4E700BFD6
:10316000007C0040004402580010025838BB002484
:1031700010000240DFF834D0FFF71EFD0C480D4967
:103180000D4A002302E0D458C4500433C4188C42C2
:10319000F9D30A4A0A4C002301E013600432A24228
:1031A000FBD30AF079FEFFF72BFB704700000524E4
:1031B000000000245C02002418E8000860020024DB
:1031C0009C190124FEE7000010B5032000F090F8E0
:1031D00003F0AAFA0F498B69C3F303230E4AD35CA9
:1031E00003F01F03D8408B6903F00F03D35C03F097
:1031F0001F0320FA03F3094A1360094B18600F20DC
:10320000FFF75CFC10B10124204610BD0446FFF717
:103210003BFCF9E7004402587CE70008100000245A
:1032200014000024034B1B78034A11680B441360FD
:10323000704700BF1800002444BC0024014B1868EC
:10324000704700BF44BC002438B50446FFF7F6FFC2
:103250000546B4F1FF3F02D0044B1B781C44FFF736
:10326000EDFF401BA042FAD338BD00BF1800002478
:10327000002807DB00F01F02400901239340024AA7
:1032800042F82030704700BF00E100E0002804DB76
:103290000901C9B2044B1954704700F00F0009012D
:1032A000C9B2024B1954704700E400E014ED00E08D
:1032B00000B500F00700C0F1070CBCF1040F28BFF7
:1032C0004FF0040C031D062B0FD9C31E4FF0FF3E19
:1032D0000EFA0CF021EA000199400EFA03FE22EAF0
:1032E0000E0241EA02005DF804FB0023EEE7000055
:1032F0000649CB6823F4E0631B041B0C000200F4B6
:10330000E0600343024A1A43CA60704700ED00E0E0
:103310000000FA0510B50446054BD868C0F302203A
:10332000FFF7C6FF01462046FFF7B0FF10BD00BF04
:1033300000ED00E008B5FFF79BFF08BDF0B4876D16
:103340000468664E664DAC4218BFB44242D0183590
:10335000AC423FD01835AC423CD01835AC4239D0E5
:103360001835AC4236D01835AC4233D01835AC42A3
:1033700030D005F55675AC422CD01835AC4229D06A
:103380001835AC4226D01835AC4223D01835AC42A3
:1033900020D01835AC421DD01835AC421AD01835A3
:1033A000AC4217D04F4DAC4214D01435AC4211D0C2
:1033B0001435AC420ED01435AC420BD01435AC42AF
:1033C00008D01435AC4205D01435AC4202D01435C7
:1033D000AC4207D1446E856E6560C46E14B1046F53
:1033E000456F656004683D4E3D4DAC4218BFB44228
:1033F00052D01835AC424FD01835AC424CD01835AD
:10340000AC4249D01835AC4246D01835AC4243D016
:103410001835AC4240D005F55675AC423CD0183555
:10342000AC4239D01835AC4236D01835AC4233D026
:103430001835AC4230D01835AC422DD01835AC42DE
:103440002AD01835AC4227D0264E274DAC4218BFA3
:10345000B44211D0254DAC420ED01435AC420BD045
:103460001435AC4208D01435AC4205D01435AC420A
:1034700002D01435AC4224D1C46D04F01F050124E0
:10348000AC407C60046863608368402B20D0036894
:1034900099600368DA6014E0C46D04F01F0C3F24E7
:1034A00004FA0CF4BC6005682C6824F480242C60B9
:1034B000046863608368402B05D0036899600368E3
:1034C000DA60F0BC704703689A600368D960F8E777
:1034D00003689A600368D960F3E700BF10000240F8
:1034E00028000240085402581C5402583054025814
:1034F00003682749274A934218BF8B422FD01832BE
:1035000093422CD01832934229D01832934226D0BD
:103510001832934223D01832934220D0183293426B
:103520001DD002F55672934219D01832934216D02C
:103530001832934213D01832934210D0183293426B
:103540000DD0183293420AD01832934207D0183265
:10355000934204D023F0FF038365806D704710B45D
:10356000D9B210390C4AA2FB0142C2F302120B4C31
:10357000A25CC2655F2907D96FF309030433836531
:10358000806D5DF8044B70476FF309038365F7E7BF
:103590001000024028000240ABAAAAAA8CE700084B
:1035A00083699BB9836A012B0AD0022B02D00BB12D
:1035B00000207047C36A13F0807F2AD10020704733
:1035C000C36AB3F1C07F26D000207047B3F5005F17
:1035D0000AD0836A022B26D9032B26D1C36A13F0A3
:1035E000807F24D100207047836A032B03D8DFE853
:1035F00003F01404140A00207047C36A13F0807F9C
:103600000DD100207047C36AB3F1C07F09D00020FC
:10361000704701207047012070470120704701204A
:10362000704701207047012070470020704701203B
:103630007047000003682149214A934218BF8B421A
:1036400027D01432934224D01432934221D0143222
:1036500093421ED0143293421BD01432934218D09E
:103660001432934215D0DAB2103A1649A1FB021275
:10367000120915491944A8291ED9144B13449B005B
:103680000366134B436602F01F02012393408366D7
:103690007047DBB2083B0F4AA2FB03230E4A02EB42
:1036A0001312920002660D4A4266C3F3041301220C
:1036B00002FA03F3836670470832DEE708540258C3
:1036C0001C540258ABAAAAAAF0FBFDBF008200104E
:1036D00080080240CDCCCCCC009600168058025811
:1036E00001794A1E072A2BD830B40368154D164CB1
:1036F000A34218BFAB4218D01434A34215D01434DF
:10370000A34212D01434A3420FD01434A3420CD0DD
:103710001434A34209D01434A34206D00B4B0B44FB
:103720009B00C3660A4B036705E00A4B0B449B00F2
:10373000C366094B036701239340436730BC70475E
:10374000704700BF085402581C5402583F820010B2
:10375000400902403F9600164059025870B5044691
:10376000FFF76CFD002C00F0B78105462368534934
:10377000534A934218BF8B420CBF0121002150D005
:10378000183293424DD0183293424AD018329342A5
:1037900047D01832934244D01832934241D0183265
:1037A00093423ED002F5567293423AD01832934279
:1037B00037D01832934234D01832934231D0183275
:1037C00093422ED0183293422BD01832934228D0F5
:1037D0001832934225D03B493B4A934218BF8B4253
:1037E00000F03281394A934200F02E811432934224
:1037F00000F02A811432934200F026811432934261
:1038000000F022811432934200F01E811432934260
:1038100000F01A8140236365032384F835300120CA
:103820004AE0022284F83520002284F8342079BB53
:10383000274A93422CD01832934229D0183293420F
:1038400026D01832934223D01832934220D0183217
:1038500093421DD002F55672934219D0183293420A
:1038600016D01832934213D01832934210D0183227
:1038700093420DD0183293420AD01832934207D0A7
:103880001832934204D01A6822F001021A6003E051
:103890001A6822F001021A6023681A6812F0010FF8
:1038A00018D0FFF7CBFC431B052BF5D9202363650C
:1038B000032384F83530012070BD00BF10000240A2
:1038C00028000240085402581C5402583054025830
:1038D000400002401A6881491140A268E068024332
:1038E0002069024360690243A0690243E069024320
:1038F000206A02430A43616A042900F090806168EB
:10390000522900F296803F29C0F08E803F397448DA
:1039100020FA01F111F0010F01D042F480121A6077
:103920002668756925F00705636A1D43042B08D1D5
:10393000A36A1D43E36A23B12046FFF731FE002846
:103940007CD175612046FFF7D3FDE36D03F01F02C4
:103950003F239340836023686249634A934218BFC0
:103960008B4242D0183293423FD0183293423CD01F
:103970001832934239D01832934236D018329342DB
:1039800033D01832934230D002F5567293422CD085
:103990001832934229D01832934226D018329342DB
:1039A00023D01832934220D0183293421DD01832BF
:1039B00093421AD01832934217D04C4A934214D0F3
:1039C0001432934211D0143293420ED014329342E7
:1039D0000BD01432934208D01432934205D01432E3
:1039E000934202D01432934213D12046FFF722FEB5
:1039F000A368802B63D0236E22791A60636EA26E57
:103A00005A606368013B072B5CD90023E366236798
:103A1000636700206065012384F835304CE7E16A74
:103A2000206B01430A436AE7293905293FF677AF3E
:103A300073E7743903293FF672AF6EE7402363657D
:103A4000012084F8350037E7022284F8352000226F
:103A500084F8342019686FF31011A268402A2CD022
:103A6000802A27D00022E06842EAD002206942EA98
:103A7000D002606942EAD002A06942EAD002E0695D
:103A800042EAD002206A42EA10120A431A6022680F
:103A9000174B1344174AA2FB03231B099B00E36542
:103AA0002046FFF725FDE26D02F01F0101228A404A
:103AB000426050E74FF48042D5E71022D3E700235D
:103AC000636098E72046FFF70BFEE36E00221A6062
:103AD000236F626F5A609CE70120EDE63F8010FE85
:103AE0000F030F0010000240280002400854025843
:103AF000F8ABFDA7CDCCCCCC002800F03E8170B552
:103B0000044690F83400012800F03981012084F83F
:103B1000340094F83500C0B2012807D04FF4006398
:103B20006365002384F83430012070BD022084F8DE
:103B30003500002060652068924E934DA84218BF62
:103B4000B0422FD01835A8422CD01835A84229D021
:103B50001835A84226D01835A84223D01835A842D7
:103B600020D01835A8421DD005F55675A84219D0A9
:103B70001835A84216D01835A84213D01835A842D7
:103B800010D01835A8420DD01835A8420AD01835E3
:103B9000A84207D01835A84204D0056825F00105D1
:103BA000056003E0056825F0010505602046FFF784
:103BB000C5FB23687349744A934218BF8B4238D0BF
:103BC0001832934235D01832934232D01832934291
:103BD0002FD0183293422CD01832934229D0183269
:103BE000934226D002F55672934222D01832934265
:103BF0001FD0183293421CD01832934219D0183279
:103C0000934216D01832934213D01832934210D0F8
:103C1000183293420DD01A6822F00E0242F00A02C6
:103C20001A60236C93B12268136843F00403136095
:103C30000CE01A6822F01E0242F016021A60236C91
:103C400023B12268136843F00803136023684D49C9
:103C50004D4A934218BF8B4242D0183293423FD014
:103C6000183293423CD01832934239D018329342E2
:103C700036D01832934233D01832934230D002F506
:103C8000567293422CD01832934229D01832934264
:103C900026D01832934223D01832934220D01832C3
:103CA00093421DD0183293421AD01832934217D043
:103CB000364A934214D01432934211D014329342B4
:103CC0000ED0143293420BD01432934208D01432E7
:103CD000934205D01432934202D0143293420ED153
:103CE000236E1A6812F4803F03D01A6842F480727F
:103CF0001A60E36E1BB11A6842F480721A6023687E
:103D00002049214A934218BF8B4230D01832934247
:103D10002DD0183293422AD01832934227D018322D
:103D2000934224D01832934221D0183293421ED0AD
:103D300002F5567293421AD01832934217D01832B5
:103D4000934214D01832934211D0183293420ED0BD
:103D5000183293420BD01832934208D01832934253
:103D600005D01A6842F001021A600020DDE61A68E8
:103D700042F001021A600020D7E6012070470220BD
:103D8000D3E600BF10000240280002400854025849
:103D9000F0B583B00446002301937D4B1D687D4B35
:103DA000A3FB0535AD0A876D3E68D7F800C00368F0
:103DB00079497A48834218BF8B420CBF012000200A
:103DC00061D0774A93425ED0183293425BD018326A
:103DD000934258D01832934255D01832934252D061
:103DE000183293424FD002F5567293424BD018329C
:103DF000934248D01832934245D01832934242D071
:103E0000183293423FD0183293423CD0183293423A
:103E100039D01832934236D06249634A934218BF70
:103E20008B4212D0614A93420FD0143293420CD08D
:103E30001432934209D01432934206D01432934282
:103E400003D01432934240F061821A68E16D01F0B0
:103E50001F010420884010EA0C0F00F0A78212F026
:103E6000040F00F0A382786012F4004F00F05A8231
:103E700012F4803F40F05082A36C002B00F0468289
:103E80002046984742E2E26D02F01F0108228A4074
:103E9000324241D070BB424A93422BD018329342F7
:103EA00028D01832934225D01832934222D01832AB
:103EB00093421FD0183293421CD002F5567293429F
:103EC00018D01832934215D01832934212D01832BB
:103ED00093420FD0183293420CD01832934209D03B
:103EE0001832934206D01832934203D01A68C2F3B4
:103EF000C00202E01A68C2F380026AB11A6822F0B6
:103F000004021A60E36D03F01F0208239340BB60B4
:103F1000636D43F001036365E26D02F01F0226FA50
:103F200002F313F0010F47D023681B481B498B4253
:103F300018BF83423CD018318B4239D018318B42A4
:103F400036D018318B4233D018318B4230D01831F3
:103F50008B422DD018318B422AD001F556718B42FD
:103F600026D018318B4223D018318B4220D0183103
:103F70008B421DD018318B421AD018318B4217D08A
:103F800018318B4214D018318B4211D01B6813E0CA
:103F900014000024B5814E1B10000240280002408E
:103FA00040000240085402581C5402583054025831
:103FB0005B6913F0800F3BD1E36D03F01F03042214
:103FC00002FA03F333423FD02268964896498A4268
:103FD00018BF824234D018318A4231D018318A4217
:103FE0002ED018318A422BD018318A4228D018316D
:103FF0008A4225D018318A4222D001F556718A4270
:104000001ED018318A421BD018318A4218D018317C
:104010008A4215D018318A4212D018318A420FD004
:1040200018318A420CD018318A4209D013680BE04B
:1040300001239340BB60636D43F002036365BBE7FC
:10404000126812F0020F3DD1E36D03F01F0310223E
:1040500002FA03F333425FD02268724872498A42FF
:1040600018BF824234D018318A4231D018318A4286
:104070002ED018318A422BD018318A4228D01831DC
:104080008A4225D018318A4222D001F556718A42DF
:104090001ED018318A421BD018318A4218D01831EC
:1040A0008A4215D018318A4212D018318A420FD074
:1040B00018318A420CD018318A4209D01268C2F3F2
:1040C000800208E0BB60636D43F004036365BBE7F7
:1040D0001268C2F3C002FAB1BB6023681A6812F416
:1040E000802F0DD01B6813F4002F04D1236C9BB1DB
:1040F0002046984710E0A36C73B1204698470BE028
:104100001A6812F4807F03D11A6822F008021A603C
:10411000236C0BB120469847E36D03F01F03202268
:1041200002FA03F3334200F0938022683D483E498F
:104130008A4218BF82422ED018318A422BD01831C1
:104140008A4228D018318A4225D018318A4222D09A
:1041500018318A421FD018318A421CD001F556719D
:104160008A4218D018318A4215D018318A4212D0AA
:1041700018318A420FD018318A420CD018318A4245
:1041800009D018318A4206D018318A4203D0126809
:10419000C2F3400202E01268C2F30012002A57D0B4
:1041A000BB6094F83530DBB2042B0ED023681A685C
:1041B00012F4802F3AD01B6813F4002F2DD1636CBA
:1041C000002B45D02046984742E02268136823F030
:1041D000160313602268536923F080035361236C34
:1041E000BBB12268136823F008031360E36D03F08A
:1041F0001F023F239340BB60012384F83530002326
:1042000084F83430236D002B00F0808020469847DE
:104210007CE0A36C002BE4D1E8E7E36BC3B120465C
:10422000984715E010000240280002401A6812F476
:10423000807F09D11A6822F010021A60012384F8E5
:104240003530002384F83430E36B0BB120469847B7
:10425000636D002B5AD0636D13F0010F52D004230D
:1042600084F8353023689649964A934218BF8B42AA
:104270002FD0183293422CD01832934229D01832C2
:10428000934226D01832934223D01832934220D042
:10429000183293421DD002F55672934219D018324B
:1042A000934216D01832934213D01832934210D052
:1042B000183293420DD0183293420AD018329342EA
:1042C00007D01832934204D01A6822F001021A6013
:1042D00003E01A6822F001021A60019B0133019386
:1042E000AB4204D823681B6813F0010FF5D1236893
:1042F0001B6813F0010F0BD0032384F83530002323
:1043000084F83430E36C0BB12046984703B0F0BD1D
:10431000012384F83530F2E7236C002BF6D02046D9
:104320009847F3E712F0200F3AD123686449654AB1
:10433000934218BF8B422FD0183293422CD01832A0
:10434000934229D01832934226D01832934223D078
:104350001832934220D0183293421DD002F5567283
:10436000934219D01832934216D01832934213D088
:104370001832934210D0183293420DD01832934223
:104380000AD01832934207D01832934204D01A68E8
:1043900022F004021A6003E01A6822F008021A6090
:1043A000236C002BB2D020469847AFE7022088400C
:1043B00010EA0C0F60D012F0020F5DD0786012F49A
:1043C000004F0ED012F4803F05D1636C002B9DD0BE
:1043D000204698479AE7E36B002B97D020469847F2
:1043E00094E712F0200F40D123683549354A9342B3
:1043F00018BF8B422FD0183293422CD018329342E0
:1044000029D01832934226D01832934223D0183242
:10441000934220D0183293421DD002F55672934237
:1044200019D01832934216D01832934213D0183252
:10443000934210D0183293420DD0183293420AD0D2
:104440001832934207D01832934204D01A6822F0EF
:104450000A021A6003E01A6822F014021A600123AB
:1044600084F83530002384F83430E36B002B3FF4BC
:104470004DAF2046984749E7082000FA01F111EABC
:104480000C0F3FF443AF12F0080F3FF43FAF1A6830
:1044900022F00E021A60E36D03F01F03012202FAFC
:1044A00003F37B60626584F83520002384F83430A0
:1044B000E36C002B3FF42AAF2046984726E700BF65
:1044C000100002402800024030B4416B0468D4F868
:1044D00084306F4A134043EA8103C4F8843004688F
:1044E000D4F8843023F47F03856B43EA0543C4F892
:1044F0008430836B0B440468D4F88810114041EA7F
:104500008301C4F888100468D4F8881021F4FE01EF
:10451000C56B41EA0541C4F88810C16B03EB410348
:104520000468D4F8A010114041EA8301C4F8A01037
:104530000468D4F8A01021F4FE01056C41EA05419D
:10454000C4F8A010016C446C04FB01330468D4F877
:10455000B010114041EA8301C4F8B0100468D4F8E7
:10456000B01021F4FE01856C41EA0541C4F8B01099
:10457000816CC46C04FB01330468D4F8AC101140A6
:1045800041EA8301C4F8AC10016D446D04FB0133B2
:104590000468D4F8F010114041EA8301C4F8F01027
:1045A0000468D4F8F01021F47C11856D41EA0541CE
:1045B000C4F8F010816D03EB41030468D4F8C01017
:1045C0000A4042EA8303C4F8C0300268D2F8C0301F
:1045D00023F47C13C16D43EA0143C2F8C030026882
:1045E000D2F8C03023F07C53016E43EA0163C2F875
:1045F000C030436B274A1A449200C266836B02EBB9
:1046000083030367C16B03EBC1034367016C446C15
:1046100004FB01F103EB81038367816CC46C04FB31
:1046200001F103EB8103C367016D446D04FB01F1EC
:1046300003EB8103C0F88030816D03EBC103C0F848
:104640008430816EC46D01FB04FC03EB8C03C0F865
:104650008830046E04FB01F103EB8103C0F8903055
:104660000D498B420DD9D0F89C3043F02003C0F89F
:104670009C30032380F89830012007E0002342F8A3
:10468000043BD0F890309342F8D8002030BC7047FB
:104690000300FFFF002B0010FCD3004070B54C68F6
:1046A000FCB90D698C6825430C6845EA84450E6A9F
:1046B000CC6944EA06648E6934434E693443CE685B
:1046C00044EA0644D0F88460806E00FB03F306EBF6
:1046D000830E46F82350CEF804400EF1080E002059
:1046E00019E00C698D6825430C68254345F0804529
:1046F000DDE702EB000C9CF803409CF802301B0441
:1047000043EA04639CF8014043EA0423145C234316
:104710004EF8043B0430CB68024CE35C8342E8D89B
:1047200070BD00BF94E7000830B595B004464C2238
:10473000A04901A8FBF7F4FE002C00F038812368A3
:104740009D4A934220D094F898300BB32268936925
:1047500023F010039361FEF771FD054623689A6903
:1047600012F0080F1AD0FEF769FD431B0A2BF5D98A
:10477000D4F89C3043F00103C4F89C30032384F840
:104780009830012015B030BD03F580736360DAE71F
:1047900084F899302046FDF76BFDD7E79A6942F01F
:1047A00001029A61FEF74AFD054623689A6912F0F4
:1047B000010F0FD1FEF742FD401B0A28F5D9D4F8AE
:1047C0009C3043F00103C4F89C30032384F89830F4
:1047D0000120D7E79A6942F002029A61237C012BFB
:1047E00040D02268936943F040039361637C012BBE
:1047F0003ED02268936923F480439361A37C012B0C
:104800003CD02268936943F4805393612268936992
:1048100023F44073A1680B4393612268936923F0EA
:10482000A40393612268136923F010031361E36802
:10483000012B29D0002B2CD0022B00F09B8022686A
:10484000936943F0800393612268136943F0100376
:104850001361E368032B1CD12268936943F02003A2
:10486000936116E02268936923F040039361BDE7EA
:104870002268936943F480439361BFE72268936998
:1048800023F480539361C1E72268936943F00403E2
:104890009361A3695A1EE369013B1B0243EA426329
:1048A000226A013A13436269013A216843EA0243EA
:1048B000CB61A368B3F5407F62D0236E33B1226829
:1048C000D2F8C030616E0B43C2F8C030E36D226E87
:1048D000D3420DD02168D1F8C83023F00703A26E6F
:1048E00014A800EB820252F84C2C1343C1F8C830D4
:1048F000236C6BB12168D1F8BC3023F00703626CE4
:1049000014A800EB820252F84C2C1343C1F8BC30BF
:10491000A36C73B12168D1F8BC3023F07003E26C52
:1049200014A800EB820252F84C2C43EA0213C1F89F
:10493000BC30236D73B12168D1F8BC3023F4E0633F
:10494000626D14A800EB820252F84C2C43EA022359
:10495000C1F8BC302268184B9A4222D00023C4F818
:104960009430C4F89C30012384F898302046FFF737
:10497000ABFD07E72268936943F02003936188E762
:10498000A36A013BE26A013A43EA0223226B013A3D
:1049900043EA0213626A013A216843EA0243CB60A8
:1049A0008BE76268936823F003039360D6E70120E6
:1049B000E8E600BF40E6000800A0004090F898300C
:1049C000013BDBB2012B07D9D0F89C3043F0020346
:1049D000C0F89C30012070470B68DBB9CB68072B0F
:1049E0000ED08A68DB0643EA82730A6943EA02430F
:1049F0004A691343C26E496842F82130002070476B
:104A00000A69CB691B0243EA02438A69134343F0F4
:104A10006053EFE710B4CA680B6943EA4273072A90
:104A20000FD04A698C6842EA8472006F496800EBD3
:104A3000C10C40F83130CCF8042000205DF8044B64
:104A400070478A69F1E790F898C05FFA8CFCBCF176
:104A5000010F07D0D0F89C3043F00403C0F89C301D
:104A600001207047920042EA011242EA43030168C2
:104A7000009A1A43C1F880200020704790F89830BF
:104A8000DBB2012B07D0D0F89C3043F00403C0F810
:104A90009C300120704751B90168D1F8F03023F003
:104AA0007C5343EA0263C1F8F030002070470129CB
:104AB00009D00168D1F8B03023F0FE4343EA026325
:104AC000C1F8B030F1E70168D1F8A03023F0FE431F
:104AD00043EA0263C1F8A030E7E790F89830DBB210
:104AE000012B07D0D0F89C3043F00403C0F89C3071
:104AF00001207047022380F898300268936923F000
:104B0000010393610023C0F89C301846704738B504
:104B1000044690F89830DBB2022B2BD10368D3F80F
:104B2000C00010F07C5F0CD0D3F8C40010F4001F5C
:104B30000FD0D4F89C3043F40073C4F89C300120AB
:104B40001FE0D4F89C3043F02003C4F89C300120CF
:104B500017E0D3F8C450C5F304452B462046FFF7B1
:104B60009DFD22680123AB40C2F8D030C4F89430D8
:104B7000002006E0D0F89C3043F00803C0F89C30D9
:104B8000012038BD90F898C05FFA8CFCBCF1020F90
:104B900040F0DF8070B540290CD041293DD0046D34
:104BA0008C426DD8D0F89C3043F02003C0F89C3084
:104BB0000120C1E00468D4F8A05015F4FE0F0CD019
:104BC000D4F8A45015F07F0F0FD1D0F89C3043F4E7
:104BD0008073C0F89C300120AEE0D0F89C3043F0E8
:104BE0002003C0F89C300120A6E0D4F8A46016F0A1
:104BF000807604D0D4F8A050002D0CDB0026D4F829
:104C0000A440C4F305242644456F446C06FB04F419
:104C100005EB840E3BE00126F1E70468D4F8B050C0
:104C200015F4FE0F0CD0D4F8B45015F07F0F0FD14F
:104C3000D0F89C3043F48073C0F89C3001207BE0B6
:104C4000D0F89C3043F02003C0F89C30012073E082
:104C5000D4F8B46016F0807604D0D4F8B050002DAB
:104C60000CDB0026D4F8B440C4F305242644856F39
:104C7000C46C06FB04F405EB840E08E00126F1E7A2
:104C8000C56F446D01FB04F405EB840E0026DEF8CD
:104C9000004004F08044546064BBDEF80040C4F37C
:104CA0008A441460DEF8004004F000549460DEF89A
:104CB000004004F000441461BEF80440D461BEF822
:104CC000064004F00F04D460DEF8044004F48014BD
:104CD0005461DEF8044004F4001494619EF8074027
:104CE00004F07F041462DEF80440E40F54624FF0D5
:104CF000000C0CE0DEF8004024F060441460D1E7C2
:104D00000EEB0C04247A03F80C400CF1010CD4686F
:104D1000144D2C5D6445F3D8402909D041290CD0AD
:104D20001F290ED8026801238B40C2F8983002E098
:104D30000368C3F8A860002070BD0368C3F8B860BA
:104D4000F9E701F01F01026801238B40C2F89C3093
:104D5000F1E7D0F89C3043F00803C0F89C30012004
:104D6000704700BF94E7000890F89830013BDBB231
:104D7000012B07D9D0F89C3043F00203C0F89C30D7
:104D80000120704710B403689C6D0C4224D1DC6D87
:104D900044F00104DC6511F4007F05D00468D4F808
:104DA000E0301343C4F8E03011F4806F05D004689C
:104DB000D4F8E4301343C4F8E4300068436D0C4A7F
:104DC0000A40134343650B4A536943EA91735361A5
:104DD00000205DF8044B70479C6D31EA040402D05A
:104DE0000324DC65D7E7DC6D44F00204DC65D2E720
:104DF000FFFFCF3F00A800407047704770477047E3
:104E000070477047704770477047704770477047EA
:104E100070477047704770472DE9F04F83B00446E4
:104E2000904B1A695B69134001939B0700930368D9
:104E30001A6D02F4704A5A6D0AEA020A1A6D02F0FB
:104E40000F095A6D09EA02091A6D02F0F0085A6D4D
:104E500008EA02081E6D06F071565A6D16401F6D65
:104E600007F060775A6D17405D6DD3F850B015F4B8
:104E7000807F02D01BF4807F64D115F4806F02D054
:104E80001BF4806F67D1009B002B74D1BAF1000F27
:104E90007ED1B9F1000F40F08780B8F1000F40F0EB
:104EA0008F8015F4006F03D01BF4006F40F09480E6
:104EB00015F4007F03D01BF4007F40F0988015F4B8
:104EC000002F03D01BF4002F40F0A18015F4803F89
:104ED00003D01BF4803F40F0A58015F4802F03D051
:104EE0001BF4802F40F0A98015F4003F0FD01BF475
:104EF000003F0CD023684FF400321A65594B002252
:104F00001A61D4F89C3043F08003C4F89C30002F21
:104F100040F09E804EB123681E65B20F514B1A615E
:104F2000D4F89C303343C4F89C3022684E4B9A42EC
:104F300000F09C80D4F89C30002B40F0F98003B046
:104F4000BDE8F08F4FF480721A65464B00221A615B
:104F5000FFF75BFF91E72368D3F8DC10D3F8E42078
:104F60004FF4806018653F4B0020186111402046C7
:104F7000FFF747FF87E7236800221A65019B03F0CC
:104F80000303384A136100992046FFF735FF7DE798
:104F90002368C3F850A04FEA9A72324B1A61514607
:104FA0002046FFF72AFF74E72368C3F850904FEAC2
:104FB00099722C4B1A6149462046FCF7CDFA6CE7F2
:104FC0002368C3F850804FEA9872264B1A61414615
:104FD0002046FFF713FF64E723684FF400621A6569
:104FE000204B00221A612046FFF709FF60E7236883
:104FF000D3F8D810D3F8E0204FF400701865194B9F
:105000000020186111402046FFF7FAFE57E7236899
:105010004FF400221A65134B00221A612046FFF755
:10502000F1FE53E723684FF480321A650D4B0022DE
:105030001A612046FFF7E7FE4FE723684FF480220E
:105040001A65084B00221A612046FFF7DDFE4BE788
:1050500023681F65BA0F034B1A6139462046FFF7D4
:10506000D6FE57E700A8004000A0004063689A6899
:1050700012F0030F3FF45EAF196A01F00F015A6A94
:10508000186A00F03008586A08EA00081F6A07F436
:10509000C077586A07401E6A06F4FC46586A064004
:1050A0001D6A05F4F025586A0540D3F82490D3F81A
:1050B00020A011401CD1B8F1000F1ED119F0400FF3
:1050C00002D01AF0400F20D15FBB36B163681E6278
:1050D000D4F89C303343C4F89C30002D3FF42AAF01
:1050E00063681D62D4F89C302B43C4F89C3021E7E0
:1050F00019622046FFF78CFEDDE76368C3F8208065
:1051000041462046FFF785FED8E76368D96BDA6B26
:105110004020186202F03F02090C2046FFF77AFE99
:10512000D2E763681F6239462046FFF774FECCE77A
:105130002046FFF76BFE02E7F0B583B000236BE07B
:1051400085685E000324B44025EA0405CC68B440B9
:105150002C438460456825EA0C054C68C4F30014B0
:105160009C402C43446069E0DD08083550F8254038
:1051700003F0070C4FEA8C0C4FF00F0E0EFA0CFEEA
:1051800024EA0E0E0C6904FA0CF444EA0E0440F80A
:1051900025406BE0092400E0002404FA0EF42C43BF
:1051A0000CF1020C664D45F82C404FF0B0442568D8
:1051B000D44325EA02064F6817F4801F01D042EA63
:1051C00005064FF0B0452E606D6804EA05064F688D
:1051D00017F4001F01D042EA05064FF0B0456E609B
:1051E000D5F8845004EA05064F6817F4003F01D053
:1051F00042EA05064FF0B045C5F88460D5F8805006
:105200002C404E6816F4803F01D042EA05044FF06E
:10521000B042C2F8804001330A6832FA03F400F069
:105220008C804FF0010C0CFA03FC1CEA0202F2D055
:105230004C6804F00304013C012C81D94C6804F053
:105240000304032C0CD0C4685D004FF0030C0CFA6F
:1052500005FC24EA0C0C8C68AC4044EA0C04C460E5
:105260004C6804F00304022C3FF47EAF04684FEA5C
:10527000430E4FF0030C0CFA0EFC24EA0C0C4C68A5
:1052800004F0030404FA0EF444EA0C0404604C68CD
:1052900014F4403FBFD02B4CD4F8F45045F0020535
:1052A000C4F8F450D4F8F44004F002040194019CD2
:1052B0004FEA930C0CF10205214C54F8255003F0F1
:1052C000030E4FEA8E0E0F2404FA0EF425EA0405AD
:1052D0001D4CA0423FF460AF04F58064A0421ED094
:1052E00004F58064A0421CD004F58064A0421AD06A
:1052F00004F58064A04218D004F58064A04216D062
:1053000004F58064A04214D004F58064A04212D059
:1053100004F50064A0423FF43DAF0A243DE70124B8
:105320003BE7022439E7032437E7042435E7052463
:1053300033E7062431E707242FE703B0F0BD00BFB1
:105340000004005800440258000002580AB181616C
:1053500070470904816170472DE9F04383B0D0F8AC
:10536000008001EBC10300EB83039A6A5B6A9A42F7
:1053700054D807460C469B1A01EBC10200EB82028F
:10538000D2699A4200D31A4602F103094FEA9909F9
:1053900015E006F103094FEA9909BB7904EBC4054E
:1053A00007EB8505296A0093B3B2E2B2404605F0E7
:1053B00090F82B6A33442B62AB6A3344AB6208EB40
:1053C000441303F510639B699BB24B4512D304EB66
:1053D000C40307EB83039A6A5B6A9A420AD24BB111
:1053E0009B1A04EBC40207EB8202D6699E42D0D31B
:1053F0001E46CEE704EBC40307EB83077A6ABB6A59
:105400009A420FD804F00F040122A240D8F8343891
:1054100023EA0203C8F83438002000E0012003B07A
:10542000BDE8F0830020FAE730B583B000287AD0D9
:10543000044690F89534ABB1032384F89534206882
:1054400004F0FEFD237C8DF80030231D0ECB206878
:1054500004F02CFD58B1022384F895340125284628
:1054600003B030BD80F8943408F010FAE4E700216E
:10547000206805F044FA024608B9034617E0022303
:1054800084F895340125EAE703EBC30104EB8101BD
:10549000012048750B75CB8500200876C86108622D
:1054A00003EBC30104EB810148620133DBB22079D5
:1054B0009842E9D816E002EBC20304EB8303002113
:1054C00083F8551283F8542283F85812C3F85C12FB
:1054D000C3F8601202EBC20304EB8303C3F8641247
:1054E0000132D2B29042E6D8237C8DF80030231DE1
:1054F0000ECB206804F0FAFD054658B9002363740A
:10550000012384F89534237B012B08D0206805F013
:10551000B5F9A4E7022384F8953401259FE72046D6
:1055200000F076FDF2E7012599E7036890F89424EE
:10553000012A1AD010B50446012280F89424DA68B2
:1055400012F0400F02D0427B012A09D0206804F0FB
:1055500071FD206805F084F9002084F8940410BDE2
:105560009A6B42F480329A63F0E7022070470000A1
:1055700070B504460D460068066C00EB411303F558
:1055800030639A68A179012911D038498E4256D0EA
:105590003DB905EBC50304EB8303D3F86432002B5C
:1055A0005ED0E9B2204608F0B3F9002070BD12F0D9
:1055B000080F09D02E498E42F7D912F4004FF4D0CB
:1055C0004FF400429A60F0E712F0200F02D0202240
:1055D0009A60EAE712F0280FE7D125498E4206D9F2
:1055E00012F4004F03D04FF400429A60DDE705EB60
:1055F000C50204EB8202D2F874121B69C3F31203D2
:10560000CB1AC2F868327DB905EBC50204EB820201
:10561000D2F864226AB105EBC50204EB8202D2F82B
:1056200060121944C2F86012E9B2204608F070F91D
:10563000BBE704F29C42012105F0A0F9F4E712F463
:10564000004F03D04FF400429A60AEE712F0200FF3
:1056500001D020229A60E9B2204608F059F9A4E767
:1056600004F29C42002105F089F99AE70A31544F6F
:105670000A30544F38B5044603681D6C03EB4113E0
:10568000D3F8081B0E4A954207D903F5306311F48D
:10569000004F02D04FF400429A60204608F030F9E3
:1056A000074B9D4202D9A379012B01D0002038BDC0
:1056B00004F29C420121206805F060F9F6E700BF82
:1056C0000A30544F90F89434012B0CD010B5044696
:1056D000012380F894344174006805F0B1F800208B
:1056E00084F8940410BD0220704738B505468C46F6
:1056F00011F0800F2BD101F00F0E0EEBCE04A400A1
:1057000004F514740444211D0EEBCE0E00EB8E0E36
:1057100000208EF855020CF00F0C81F800C0C2F387
:105720000A028A600B714A780AB1A1F81AC0022BEA
:105730001CD095F89434012B1BD0012385F89434A8
:10574000286804F0ABFD002085F8940438BD01F012
:105750000F0000EBC001890010312944043100EB37
:10576000C00005EB800001244475D4E700234B7191
:10577000DFE70220EAE710B504460A4611F0800F81
:1057800020D101F00F0000EBC0039B0003F5147360
:105790002344191D00EBC00004EB8000002380F8B7
:1057A000553202F00F020A7094F89434012B18D08D
:1057B000012384F89434206804F0BCFD002084F8B0
:1057C000940410BD01F00F0000EBC0039B001033E8
:1057D0002344191D00EBC00004EB80000123437536
:1057E000DFE70220EDE710B5144601F00F0C0CEBDB
:1057F000CC01890001F51471014404310CEBCC0E8D
:1058000000EB8E0ECEF86022CEF864320023CEF884
:1058100068328EF855328EF854C28279012A04D04B
:10582000006804F06DFE002010BDCEF87042F7E76E
:1058300001F00F0101EBC10100EB8100D0F868021B
:10584000704710B5144601F00F0C0CEBCC01890029
:105850001031014404310CEBCC0E00EB8E0ECEF86F
:105860002020CEF824300023CEF8283001238EF8F3
:1058700015308EF814C082799A4204D0006804F082
:105880003FFE002010BDCEF83040F7E738B501F0FC
:105890000F050279AA4238D304460B4611F0800F57
:1058A0001FD101EBC101890001F5147101440431DC
:1058B00003EBC30300EB8303002283F8552201238B
:1058C0008B700D7094F89434012B20D0012384F850
:1058D0009434206804F059FF85B1002084F89404C2
:1058E00038BD05EBC501890010310144043105EBD9
:1058F000C50300EB830301225A75E0E704F29C42E2
:10590000A179206805F03AF8E7E70120E8E70220EE
:10591000E6E701F00F0302799A4230D310B504464E
:1059200011F0800F1ED103EBC301890001F5147142
:105930000144043103EBC30200EB8202002082F831
:10594000550200228A700B7094F89434012B18D001
:10595000012384F89434206804F044FF002084F884
:10596000940410BD03EBC3018900103101440431DC
:1059700003EBC30200EB820201205075E1E7012036
:1059800070470220EDE708B511F0800F0CD101F04F
:105990000F0101EBC101890001F5147101440431CB
:1059A000006804F037FD08BD01F00F0101EBC101F3
:1059B0008900103101440431F2E72DE9F04F83B042
:1059C00004460568284604F096FF10B103B0BDE810
:1059D000F08F0646206804F05FFF0028F6D005F53A
:1059E0000067BB68C3F30D23C4F8D434206804F007
:1059F00053FF10F0020F04D02268536903F0020332
:105A00005361206804F048FF10F0100F16D0226890
:105A1000936923F010039361D5F8208008F00F09F3
:105A200008F4F013B3F5802F6AD0B3F5402F00F0DF
:105A30008D802268936943F010039361206804F01D
:105A40002BFF10F4002F40F09380206804F024FF17
:105A500010F4802F40F0FC80206804F01DFF002827
:105A6000C0F27D81206804F017FF10F4006F09D0A8
:105A7000BB6813F0010F40F08A812268536903F478
:105A800000635361206804F007FF10F0006F15D029
:105A90002268536903F00063536194F8CC34002BFF
:105AA00040F07981012184F8CC1423685B6DC3F345
:105AB0008303C4F8D034204600F0BEFA206804F016
:105AC000EBFE10F4805F40F06A81206804F0E4FE91
:105AD00010F4005F40F0B681206804F0DDFE10F0A5
:105AE000080F40F0C781206804F0D6FE10F0800F48
:105AF00000F0DA81AB6923F08003AB610126C3E1DA
:105B000047F6F07318EA030F93D04FEA181A4FEADA
:105B1000C903019309EBC90B04EB8B0BC8F30A1201
:105B2000DBF86012284604F00DFEDBF86032CAF3A1
:105B30000A0A5344CBF86032DBF86832019A4A44CF
:105B400004EB82025344C2F8683272E7082204F27E
:105B50009C41284604F0F6FD09EBC90304EB8303DE
:105B6000D3F86822C8F30A184244C3F8682260E7F1
:105B7000206804F095FE8046B14635E005EB4913F8
:105B80000122C3F8082B49462046FFF7F1FC3CE010
:105B900005EB49130822C3F8082B49462046FFF7B6
:105BA00069FD35E009EBC90304EB830393F8573231
:105BB000012B41D005EB49130222C3F8082B1AF040
:105BC000200F04D005EB49132022C3F8082B1AF448
:105BD000005F05D005EB49134FF40052C3F8082BC2
:105BE00009F101094FEA5808B8F1000F3FF42DAF51
:105BF00018F0010FF4D05FFA89FB5946206804F0D1
:105C00005FFE824610F0010FB8D11AF0080FBFD125
:105C10001AF0100F04D005EB49131022C3F8082B1B
:105C20001AF0020FCBD06B6913F0800FBAD07B68EB
:105C300043F480637B60B5E709EBC90304EB83039E
:105C4000002283F857225946204607F0B1FEB1E7FB
:105C5000206804F02DFE8046B14625E059462046D6
:105C600007F062FE1AF0080F04D005EB4913082272
:105C7000C3F808291AF0100F04D005EB49131022BD
:105C8000C3F808291AF0400F04D005EB491340224D
:105C9000C3F808291AF0020F40D11AF0800F59D129
:105CA00009F101094FEA5808B8F1000F3FF4D4AEEA
:105CB00018F0010FF4D05FFA89FB5946206804F010
:105CC00008FE824610F0010FCCD009F00F0201212E
:105CD00001FA02F27B6B23EA02037B6305EB4913B3
:105CE000C3F80819A3798B42B8D109EBC90304EBB7
:105CF00083031A6AD9690A441A62B9F1000FADD157
:105D000009EBC90304EB83035B6A002BA6D104F201
:105D10009C420121206804F031FE9FE74946284655
:105D200004F094F909EBC90304EB8303DB7D012B39
:105D300005D005EB49130222C3F80829ADE709EBAA
:105D4000C90304EB83030022DA755946204607F0A5
:105D500035FEEEE749462046FFF7FEFAA0E77B68EE
:105D600023F001037B6094F8CC34012B08D020464B
:105D700007F018FE2268536903F00043536171E68F
:105D8000002184F8CC14204600F056F9F2E72046B2
:105D900007F0F0FD71E6204607F0ECFD8EE67B682B
:105DA00023F001037B601021206804F04FF91AE012
:105DB00005EB46134FF67F31C3F80819D3F80029D5
:105DC00022F40012C3F80029C3F8081BD3F8002BF3
:105DD00022F40012C3F8002BD3F8002B42F000622B
:105DE000C3F8002B01362379B342E1D8FB6943F0B5
:105DF0000113FB61E37BDBB1D7F8843043F00B0385
:105E0000C7F884307B6C43F00B037B64D5F8003813
:105E100023F4FE63C5F8003804F29C42A17920689F
:105E200004F0ACFD2268536903F4805353614CE6DF
:105E30007A6942F22B0313437B613B6943F00B0306
:105E40003B61E3E7206804F08BFD206804F014FA5E
:105E5000E071266800F0AEFE0146E279304604F0BB
:105E600077F8204607F071FD2268536903F4005368
:105E7000536131E6204607F062FD2268536903F062
:105E8000080353612FE601362379B3420CD906EBA0
:105E9000C60304EB830393F85732012BF3D1F1B21D
:105EA0002046FFF770FDEEE7206804F0F5FC10F4E3
:105EB000801F25D1206804F0EFFC10F4001F58D09B
:105EC000012326E001362379B3421BD905EB4613A3
:105ED000D3F8002906EBC60304EB83031B7E012BDA
:105EE000F0D1002AEEDA06EBC60304EB83030122AD
:105EF000DA7566F07F01C9B22046FFF744FDE1E79D
:105F00000126E0E72268536903F480135361D1E767
:105F1000013322799A4227D905EB4312D2F8001BAC
:105F200003EBC30204EB820292F85822012AEFD15C
:105F30000029EDDAD4F8D42482EA114212F0010FDC
:105F4000E6D103EBC30204EB8202012182F857126F
:105F5000AA6942F08002AA616A6912F0800FD7D163
:105F60007B6843F400737B602268536903F4001379
:105F70005361206804F090FC10F0804F10D120682D
:105F800004F08AFC10F0040F3FF420AD23685D6834
:105F900015F0040F0DD1226853682B43536015E5AB
:105FA000204607F011FD2268536903F080435361D6
:105FB000E5E7204607F00EFDEDE710B40468606ADF
:105FC00031B940EA0240A06200205DF8044B7047FE
:105FD0008C46A36A00EB1340002308E003F1400164
:105FE00004EB8101496800EB11400133DBB20CF195
:105FF000FF318B42F2D340EA02400CF13F0104EB47
:1060000081046060E0E70368596200207047000087
:10601000034602680121C0F8D814002083F8CC049C
:10602000936943F000639361516D024B0B435365D9
:10603000704700BF0300001070470000134BDB687F
:1060400013F0040F07D1114BDB6803F00703834201
:106050001AD00120704710B50C4AD36823F007030B
:106060000343D360FDF7EAF80446084B5B6813F47A
:10607000005F07D1FDF7E2F8001BB0F57A7FF4D995
:10608000012000E0002010BD0020704700480258A9
:10609000024AD36843F08073D360704700480258C7
:1060A000002800F0D58238B50446036813F0010FCC
:1060B00025D0A04A136903F03803926A102B15D03B
:1060C000182B0FD06368B3F5803F3FD0002B53D11E
:1060D000984B1A6822F480321A601A6822F48022DF
:1060E0001A6038E002F00302022AEBD1914B1B68E0
:1060F00013F4003F03D06368002B00F0AB822368E9
:1061000013F0020F00F088808A4A1369926A13F034
:1061100038035AD0182B55D0E368002B00F0A98023
:1061200084490A6822F0190213430B60FDF786F8D0
:106130000546804B1B6813F0040F40F09180FDF77B
:106140007DF8401B0228F4D903208AE2794A1368BB
:1061500043F48033136063682BB3FDF76FF8054693
:10616000744B1B6813F4003FC9D1FDF767F8401B5F
:106170006428F5D9032074E2B3F5A02F09D06D4B44
:106180001A6822F480321A601A6822F480221A6097
:10619000E1E7684B1A6842F480221A601A6842F4F8
:1061A00080321A60D7E7FDF749F80546614B1B6856
:1061B00013F4003FA3D0FDF741F8401B6428F5D944
:1061C00003204EE212F0030FA6D15A4B1B6813F0C6
:1061D000040F03D0E368002B00F03E82554A136899
:1061E00023F01903E1680B431360FDF727F8054618
:1061F000504B1B6813F0040F06D1FDF71FF8401B2E
:106200000228F5D903202CE24A4A536823F0FE43C2
:10621000216943EA01635360236813F0100F51D0E2
:10622000444A136903F03803926A082B39D0182BBB
:1062300033D0E369002B69D03E4A136843F08003F2
:106240001360FCF7FBFF05463A4B1B6813F4807F95
:1062500053D1FCF7F3FF401B0228F5D9032000E2DD
:10626000344A536823F0FE43216943EA01635360D3
:10627000D2E7304A136823F001031360FCF7DEFF16
:1062800005462C4B1B6813F0040FC5D0FCF7D6FF56
:10629000401B0228F5D90320E3E102F00302012AA2
:1062A000C7D1244B1B6813F4807F03D0E369802B94
:1062B00040F0D4811F4AD36823F07C53216A43EA1B
:1062C0000163D360236813F0080F49D06369002B82
:1062D00032D0184A536F43F001035367FCF7AEFF07
:1062E0000546144B5B6F13F0020F39D1FCF7A6FF84
:1062F000401B0228F5D90320B3E10E4AD36823F0EE
:106300007C53216A43EA0163D360DBE7094A1368DF
:1063100023F080031360FCF791FF0546054B1B68D3
:1063200013F4807FCED0FCF789FF401B0228F5D9FB
:10633000032096E1004402589D4A536F23F0010365
:106340005367FCF77BFF0546994B5B6F13F0020F19
:1063500006D0FCF773FF401B0228F5D9032080E12B
:10636000236813F0200F29D0A3699BB1904A1368CA
:1063700043F480531360FCF761FF05468C4B1B68A8
:1063800013F4005F1AD1FCF759FF401B0228F5D91E
:10639000032066E1864A136823F480531360FCF7F8
:1063A0004DFF0546824B1B6813F4005F06D0FCF7D7
:1063B00045FF401B0228F5D9032052E1236813F062
:1063C000040F21D1636A002B00F04A81784A1269D8
:1063D00002F03802182A00F0F180022B75D0744ABE
:1063E000136823F080731360FCF728FF0446704B9A
:1063F0001B6813F0007F00F0D880FCF71FFF001B24
:106400000228F4D903202CE16A4A136843F480730C
:106410001360FCF713FF0546664B1B6813F4807F7F
:1064200006D1FCF70BFF401B6428F5D9032018E1C7
:10643000A368012B0AD00BBB5D4B1A6F22F001023F
:106440001A671A6F22F004021A6704E0584A136FA1
:1064500043F001031367A36833B3FCF7EFFE05466F
:10646000534B1B6F13F0020FACD1FCF7E7FE401B40
:1064700041F288339842F3D90320F2E0052B09D08A
:106480004B4B1A6F22F001021A671A6F22F00402B6
:106490001A67E0E7464B1A6F42F004021A671A6F58
:1064A00042F001021A67D6E7FCF7C8FE0546404BEA
:1064B0001B6F13F0020F85D0FCF7C0FE401B41F2AA
:1064C00088339842F3D90320CBE0394A136823F08C
:1064D00080731360FCF7B2FE0546354B1B6813F062
:1064E000007F06D0FCF7AAFE401B0228F5D9032046
:1064F000B7E02F4B996A304A0A40A16AE06A41EA44
:1065000000110A439A62226B013AC2F30802616BDE
:106510000139490289B20A43A16B0139090401F426
:10652000FE010A43E16B0139090601F0FE410A430D
:106530001A63DA6A22F00102DA625A6B6FF3CF0251
:10654000A16C42EAC1025A63DA6A22F00C02216CA1
:106550000A43DA62DA6A22F00202616C0A43DA6202
:10656000DA6A42F48032DA62DA6A42F40032DA62DB
:10657000DA6A42F48022DA62DA6A42F00102DA620E
:106580001A6842F080721A60FCF758FE0446084B05
:106590001B6813F0007F06D1FCF750FE001B022899
:1065A000F5D903205DE000205BE0002059E000BF4A
:1065B00000440258004802580CFCFFFF30498A6A28
:1065C000086B012B4ED002F00303A16A8B424BD122
:1065D000C2F30512E36A9A4248D1C0F30802236B62
:1065E000013B9A4244D1C0F34622636B013B9A427D
:1065F00040D1C0F30642A36B013B9A423CD1C0F3A9
:106600000660E36B013B984238D11D4B5B6BC3F3D3
:10661000CC03A26C9A4201D1002022E0184AD36A2E
:1066200023F00103D362FCF709FE0546FCF706FEE2
:10663000A842FBD0124A536B6FF3CF03A16C43EA1D
:10664000C1035363D36A43F00103D362002008E01F
:1066500001207047012004E0012002E0012000E059
:10666000002038BD0120FCE70120FAE70120F8E70F
:106670000120F6E70120F4E70120F2E70120F0E72E
:106680000044025870B588B00C46154610BB234E26
:10669000D6F8E03043F00103C6F8E030D6F8E03039
:1066A00003F001030193019B4FF4807303930223D2
:1066B00004930323069300230593079303A9184823
:1066C000FEF73AFD336923F0FE7325431D43356120
:1066D00008B070BD114ED6F8E03043F00403C6F8A0
:1066E000E030D6F8E03003F004030293029B4FF44D
:1066F000007303930223049303230693002305935B
:10670000079303A90748FEF717FD336923F07E437B
:1067100044EAC5141C433461DAE700BF0044025860
:106720000000025800080258754B1B6903F038033B
:10673000102B00F0DE80182B0FD0002B40F0DB80F8
:106740006F4B1B6813F0200F00F0D7806C4B1B6859
:10675000C3F3C1036B48D840704710B4684B9A6AC2
:1067600002F003029C6AC4F30510D96A01F001012A
:106770005B6BC3F3CC0301FB03F307EE903AF8EE37
:10678000677A14F47C7F77D0012A4AD0022A76D027
:10679000002A40F091805A4B1B6813F0200F23D041
:1067A00057490A68C2F3C102564BD34007EE103A6C
:1067B000F8EE476A07EE100AB8EE476A86EE867A68
:1067C0000B6BC3F3080306EE903AF8EE666A9FED92
:1067D0004E6A67EE867A76EEA77AF7EE006A77EE73
:1067E000A67A27EE277A38E007EE100AF8EE476A15
:1067F0009FED466A86EE267A414B1B6BC3F3080376
:1068000006EE903AF8EE666A9FED3F6A67EE867A8A
:1068100076EEA77AF7EE006A77EEA67A27EE277A69
:106820001BE007EE100AF8EE476A9FED396A86EE24
:10683000267A334B1B6BC3F3080306EE903AF8EE4F
:10684000666A9FED316A67EE867A76EEA77AF7EE92
:10685000006A77EEA67A27EE277A294B1B6BC3F3E3
:106860004623013307EE903AF8EE677AC7EE276ABF
:10687000FCEEE67A17EE900A5DF8044B704707EEDF
:10688000100AF8EE476A9FED236A86EE267A1C4BC3
:106890001B6BC3F3080306EE903AF8EE666A9FEDB1
:1068A0001A6A67EE867A76EEA77AF7EE006A77EED6
:1068B000A67A27EE277AD0E707EE100AF8EE476AA5
:1068C0009FED136A86EE267A0D4B1B6BC3F308030C
:1068D00006EE903AF8EE666A9FED0B6A67EE867AEE
:1068E00076EEA77AF7EE006A77EEA67A27EE277A99
:1068F000B3E709487047094870470248704700BF2E
:10690000004402580090D003000000390024744C69
:106910000024744A001BB74B00366E0100093D008D
:10692000002800F0328170B50D4604469B4B1B6871
:1069300003F00F038B420BD2984A136823F00F0326
:106940000B431360136803F00F038B4240F01F8169
:10695000236813F0040F0CD02269914B9B6903F05C
:1069600070039A4205D98E498B6923F070031A434C
:106970008A61236813F0080F0CD06269884BDB69C9
:1069800003F070039A4205D98549CB6923F070035F
:106990001A43CA61236813F0100F0CD0A269804B10
:1069A000DB6903F4E0639A4205D97D49CB6923F49E
:1069B000E0631A43CA61236813F0200F0CD0E26928
:1069C000774B1B6A03F070039A4205D974490B6A2E
:1069D00023F070031A430A62236813F0020F0CD0ED
:1069E000E2686F4B9B6903F00F039A4205D96C492B
:1069F0008B6923F00F031A438A61236813F0010F98
:106A000041D0674A936923F47063A1680B43936193
:106A10006368022B0AD0032B27D0012B2CD0604AAD
:106A2000126812F0040F06D10120ADE0126812F4D2
:106A3000003F00F0AE805A490A6922F00702134372
:106A40000B61FCF7FBFB0646554B1B6903F0380353
:106A50006268B3EBC20F16D0FCF7F0FB801B41F26B
:106A600088339842F0D903208EE04D4A126812F024
:106A7000007FE0D1012087E0494A126812F4807F4C
:106A8000D9D1012080E0236813F0020F0CD0E26816
:106A9000434B9B6903F00F039A4205D240498B692F
:106AA00023F00F031A438A613C4B1B6803F00F036A
:106AB000AB420AD9394A136823F00F032B43136002
:106AC000136803F00F03AB4265D1236813F0040F82
:106AD0000CD02269324B9B6903F070039A4205D2B5
:106AE0002F498B6923F070031A438A61236813F0DE
:106AF000080F0CD062692A4BDB6903F070039A42DD
:106B000005D22749CB6923F070031A43CA61236871
:106B100013F0100F0CD0A269214BDB6903F4E06382
:106B20009A4205D21E49CB6923F4E0631A43CA6135
:106B3000236813F0200F0CD0E269194B1B6A03F095
:106B400070039A4205D216490B6A23F070031A4368
:106B50000A62FFF7E9FD12498B69C3F30323114A67
:106B6000D35C03F01F03D8408B6903F00F03D35CA1
:106B700003F01F0320FA03F30B4A13600B4B18605A
:106B80000B4B1868FBF79AFF70BD0120704701207E
:106B9000FAE70120F8E70120F6E700BF00200052E5
:106BA000004402587CE70008100000241400002470
:106BB0001C00002408B5FFF7B7FD0B4A9369C3F327
:106BC00003230A49CB5C03F01F0320FA03F3926905
:106BD00002F00F02885C00F01F0023FA00F0044A64
:106BE0001060044A136008BD004402587CE70008A6
:106BF000100000241400002408B5FFF7DBFF054B4C
:106C0000DB69C3F30213044AD35C03F01F03D840CB
:106C100008BD00BF004402587CE7000808B5FFF734
:106C2000C9FF054BDB69C3F30223044AD35C03F0BD
:106C30001F03D84008BD00BF004402587CE700088D
:106C40003F230360114B1A6902F0070242609A6900
:106C500002F4706282609A6902F00F02C2609A695F
:106C600002F070020261DA6902F070024261DA69D0
:106C700002F4E06282611B6A03F07003C361044B9B
:106C80001B6803F00F030B60704700BF00440258FD
:106C900000200052404B9B6A03F00303032B79D082
:106CA00070B505460E463C4A136823F080631360B6
:106CB000FCF7C4FA0446384B1B6813F0006F06D08B
:106CC000FCF7BCFA031B022BF5D9032070BD324B35
:106CD0009A6A22F47C32296842EA01329A626A682E
:106CE000013AC2F30802A9680139490289B20A438C
:106CF000E9680139090401F4FE010A4329690139EF
:106D0000090601F0FE410A439A63DA6A22F0C002E2
:106D100069690A43DA62DA6A22F02002A9690A4341
:106D2000DA62DA6A22F01002DA62DA6B6FF3CF020B
:106D3000E96942EAC102DA63DA6A42F01002DA6211
:106D4000C6B91A46DB6A43F40023D362124A1368B9
:106D500043F080631360FCF771FA04460E4B1B6826
:106D600013F0006F14D1FCF769FA001B0228F5D963
:106D70000320ABE7012E05D0074AD36A43F4001382
:106D8000D362E3E7044AD36A43F48013D362DDE7B6
:106D900000209BE70120704700440258404B9B6A4B
:106DA00003F00303032B79D070B505460E463C4A29
:106DB000136823F080531360FCF740FA0446384B05
:106DC0001B6813F0005F06D0FCF738FA031B022B98
:106DD000F5D9032070BD324B9A6A22F07C72296883
:106DE00042EA01529A626A68013AC2F30802A9684B
:106DF0000139490289B20A43E9680139090401F4F9
:106E0000FE010A4329690139090601F0FE410A43DE
:106E10001A64DA6A22F4406269690A43DA62DA6A59
:106E200022F40072A9690A43DA62DA6A22F48072F3
:106E3000DA625A6C6FF3CF02E96942EAC1025A641E
:106E4000DA6A42F48072DA62C6B91A46DB6A43F43F
:106E50008003D362124A136843F080531360FCF737
:106E6000EDF904460E4B1B6813F0005F14D1FCF7DC
:106E7000E5F9001B0228F5D90320ABE7012E05D068
:106E8000074AD36A43F08073D362E3E7044AD36AC4
:106E900043F40003D362DDE700209BE70120704745
:106EA00000440258F8B50446036813F0006F2FD071
:106EB000436EB3F5001F25D015D8E3B1B3F5801F9D
:106EC0000ED102210830FFF7E5FE054675BB934A57
:106ED000136D23F44013616E0B431365002619E014
:106EE0000126354616E0B3F5401F01D10025EEE737
:106EF000012635460EE0894AD36A43F40033D36253
:106F00000025E4E702212830FFF748FF0546DDE7CA
:106F100000263546236813F4807F29D0A36D042B07
:106F200022D8DFE803F005131A0A0A002E46F1E71B
:106F30007A4AD36A43F40033D362C5B9774A136DF2
:106F400023F00703A16D0B43136511E0002104F149
:106F50000800FFF79FFE0546EFE7002104F1280037
:106F6000FFF71CFF0546E8E70126354600E02E4600
:106F7000236813F4806F2DD0D4F8A430B3F5800FBC
:106F80003DD00DD8C3B1B3F5001F06D1002104F1E7
:106F90000800FFF77FFE054613E00126354619E09D
:106FA000B3F5000F0DD0B3F5200F0AD0B3F5C00F25
:106FB00007D0012635460DE0584AD36A43F4003322
:106FC000D3621DBB554A936D23F46003D4F8A4101B
:106FD0000B439365236813F4006F37D0D4F8A830BF
:106FE000B3F1007F5ED016D80BB3B3F1807F0FD121
:106FF000002104F10800FFF74DFE05461CE00021CA
:1070000004F12800FFF7CAFE0546DAE72E46E1E75D
:10701000012635461AE0B3F1806F0DD0B3F1A06FB1
:107020000AD0B3F1407F07D0012635460EE03B4A37
:10703000D36A43F40033D362002D3AD1374A936DBB
:1070400023F0E063D4F8A8100B439365236813F092
:10705000007F13D0E36C202B35D02FD833B1102B09
:1070600029D12E4AD36A43F40033D36295BB2B4A0D
:10707000D36C23F03003E16C0B43D364236813F427
:10708000805F4ED0E36DB3F5005F3FD027D87BB370
:10709000B3F5805F20D1002104F10800FFF7FAFD6D
:1070A00005462AE0002104F12800FFF777FE054697
:1070B000C2E72E46CAE701263546DFE7302BD5D09A
:1070C00001263546DAE7022104F10800FFF7E2FD68
:1070D0000546CBE72E46D1E70126354621E0B3F53C
:1070E000405F0AD0B3F5804F07D00126354618E03F
:1070F0000A4AD36A43F40033D3628DB9074A136D49
:1071000023F4E043E16D0B4313650AE0002104F131
:107110002800FFF743FE0546EFE700BF0044025892
:107120002E46236813F4005F17D0236EB3F5003F9B
:107130004FD042D843B1B3F5803F3BD1012104F198
:107140000800FFF7A7FD0546002D49D1924A136DAF
:1071500023F4E023216E0B431365236813F4804F5F
:1071600019D0D4F8AC30B3F1005F4AD03DD843B168
:10717000B3F1805F36D1012104F10800FFF78AFDE9
:107180000546002D44D1844A936D23F0E043D4F8A2
:10719000AC100B439365236813F4004F47D0E36EA4
:1071A000B3F1805F36D0B3F1005F4BD0BBB30126A3
:1071B00035463CE001263546CFE7B3F5802FC3D0F6
:1071C000B3F5A02FC0D0B3F5403FBDD00126354662
:1071D000C3E7012104F12800FFF7E0FD0546B3E70E
:1071E0002E46BAE701263546D5E7B3F1804FC8D021
:1071F000B3F1A04FC5D0B3F1405FC2D001263546F0
:10720000C9E7012104F12800FFF7C8FD0546B8E7EA
:107210002E46C0E7604AD36A43F40033D362C5B94F
:107220005D4A136D23F04053E16E0B4313652368F1
:1072300013F0807F1CD0A36C032B44D8DFE803F04D
:10724000100B3C10012104F10800FFF723FD054657
:10725000E5E72E46EBE7504AD36A43F40033D362A6
:10726000A5BB4D4AD36C23F00303A16C0B43D3643D
:10727000236813F4800F2BD1236813F0010F00F063
:10728000A980A36F282B00F2A380DFE803F091A16F
:10729000A1A1A1A1A1A18BA1A1A1A1A1A1A19AA1FB
:1072A000A1A1A1A1A1A191A1A1A1A1A1A1A191A1EE
:1072B000A1A1A1A1A1A19100022104F10800FFF761
:1072C000E9FC0546CCE701263546D1E72E46CFE757
:1072D000324A136843F480731360FBF7AFFF07462D
:1072E0002E4B1B6813F4807F05D1FBF7A7FFC01B53
:1072F0006428F5D90325002D4AD1274B1B6FD4F8FC
:10730000B020534013F4407F0CD0234B1A6F22F46B
:107310004072196F41F480311967196F21F480317F
:1073200019671A67D4F8B030B3F5807F15D08DBBDC
:10733000D4F8B03003F44072B2F5407F1ED0164A44
:10734000136923F47C53136113490B6FD4F8B020F5
:10735000C2F30B0213430B678EE7FBF76FFF074681
:107360000D4B1B6F13F0020FE1D1FBF767FFC01B42
:1073700041F288339842F3D90325D8E706480269D9
:1073800022F47C52064901EA131313430361DBE73D
:107390002E4671E72E466FE7004402580048025817
:1073A000CFFFFF00012104F10800FFF773FC054641
:1073B000E5B9B14A536D23F03803A16F0B43536510
:1073C00008E0012104F12800FFF7E8FC0546EFE79B
:1073D00001263546236813F0020F17D0636F052B83
:1073E00029D8DFE803F00B05210B0B0B2E46F1E744
:1073F000012104F10800FFF74DFC0546F5B99E4A4E
:10740000536D23F00703616F0B435365236813F03B
:10741000040F26D0D4F89030052B00F2D680DFE898
:1074200003F0150FCD151515012104F12800FFF704
:10743000B5FC0546E2E701263546E7E72E46E5E7D7
:10744000012104F10800FFF725FC0546002D40F05E
:10745000BF80894A936D23F00703D4F890100B4343
:107460009365236813F0200F1DD0D4F88C30B3F14E
:10747000005F00F0C18000F2B0804BB1B3F1805FDB
:1074800040F0A880002104F10800FFF703FC054646
:10749000002D40F0B880784A536D23F0E043D4F8D3
:1074A0008C100B435365236813F0400F1DD0D4F8A4
:1074B0009830B3F5006F00F0BA8000F2A9804BB1AC
:1074C000B3F5806F40F0A180002104F10800FFF7C0
:1074D000E1FB0546002D40F0B180674A936D23F42F
:1074E000E053D4F898100B439365236813F0800F92
:1074F0001DD0D4F89C30B3F5804F00F0B38000F27B
:10750000A2804BB1B3F5005F40F09A80002104F1F6
:107510000800FFF7BFFB0546002D40F0AA80564A41
:10752000936D23F46043D4F89C100B439365236858
:1075300013F0080F0DD0D4F88030B3F5805F00F061
:107540009D804D4A536D23F44053D4F880100B4373
:107550005365236813F0100F0DD0D4F89430B3F5B1
:10756000807F00F09580444A936D23F44073D4F8F3
:1075700094100B439365236813F4002F00F09D8053
:10758000D4F8A030B3F5803F00F08C80B3F5003F15
:1075900008D0002B40F08D80002104F10800FFF797
:1075A00079FB0546002D40F08780334A936D23F424
:1075B0004033D4F8A0100B4393657EE0012104F121
:1075C0002800FFF7EBFB054640E70126354648E774
:1075D0002E4646E70126354665E7B3F1804F3FF476
:1075E00057AFB3F1A04F3FF453AFB3F1405F3FF457
:1075F0004FAF0126354656E7022104F12800FFF778
:10760000CDFB054644E72E464DE7012635466CE79F
:10761000B3F5805F3FF45EAFB3F5A05F3FF45AAFC0
:10762000B3F5406F3FF456AF012635465DE70221C2
:1076300004F12800FFF7B2FB05464BE72E4654E75E
:107640000126354673E7B3F5004F3FF465AFB3F558
:10765000204F3FF461AFB3F5C04F3FF45DAF01265B
:10766000354664E7022104F12800FFF797FB054641
:1076700052E72E465BE700BF00440258022104F1A6
:107680002800FFF78BFB00283FF45BAF012658E78B
:10769000022104F12800FFF781FB00283FF463AFCB
:1076A000012660E7022104F12800FFF777FB054679
:1076B00078E70126354600E02E46236813F4802F34
:1076C00024D0D4F88430B3F5001F14D0B3F5401F94
:1076D00007D0B3F5801F15D17C4AD36A43F4003339
:1076E000D36295B9794A536D23F44013D4F88410CA
:1076F0000B4353650AE0012104F12800FFF74EFB1C
:107700000546EEE70126354600E02E46236813F4D1
:10771000803F06D0236DCBB1B3F5803F24D0012646
:107720003546236813F0005F27D1236813F4003F28
:107730003DD0E36FB3F5807F2BD027D9B3F5007F21
:107740002CD0B3F5407F29D0012630E05F4AD36AC0
:1077500043F40033D36275B95C4AD36C23F48033AD
:10776000216D0B43D364DCE7022104F10800FFF72D
:1077700091FA0546EFE72E46D3E7022104F12800EF
:10778000FFF70CFB0028D0D00126CEE733B101264D
:107790000DE04E4AD36A43F40033D362002D5CD12E
:1077A0004A4A536D23F44073E16F0B4353652368DA
:1077B00013F4801F06D0454A136D23F00043216F58
:1077C0000B431365236813F4001F06D03F4A136D63
:1077D00023F08073A16E0B431365236813F0804F71
:1077E00009D03A4B1A6922F400421A611A69D4F896
:1077F000B4100A431A612368002B06DA334AD36CAB
:1078000023F04053616D0B43D364236813F4000FDE
:1078100007D02E4A536D23F44003D4F888100B434D
:107820005365636813F0010F19D1636813F0020FF9
:107830001ED1636813F0040F23D1636813F0080F9F
:1078400028D1636813F0100F2DD1636813F0200F57
:1078500032D106B101263046F8BD2E46A7E70021F9
:1078600004F10800FFF716FA0028DED00646DCE730
:10787000012104F10800FFF70DFA0028D9D00646CF
:10788000D7E7022104F10800FFF704FA0028D4D05A
:107890000646D2E7002104F12800FFF77FFA00280E
:1078A000CFD00646CDE7012104F12800FFF776FA94
:1078B0000028CAD00646C8E7022104F12800FFF7D5
:1078C0006DFA0028C5D00126C5E700BF0044025864
:1078D00008B5FFF76FF9054B1B6AC3F30213044A9F
:1078E000D35C03F01F03D84008BD00BF004402581A
:1078F0007CE7000810B4794B9A6A9C6AC4F3053C93
:10790000D96AC1F30011DB6BC3F3CC0301FB03F3B2
:1079100014F47C3F00F0DD8002F0030207EE903AA1
:10792000F8EE677A012A4BD0022A00F09880002AEC
:1079300040F0B280694B1B6813F0200F23D06749D9
:107940000A68C2F3C102664BD34007EE103AF8EE64
:10795000476A07EE10CAB8EE476A86EE867A8B6BE6
:10796000C3F3080306EE903AF8EE666A9FED5D6A8F
:1079700067EE867A76EEA77AF7EE006A77EEA67A59
:1079800027EE277A38E007EE10CAF8EE476A9FED37
:10799000566A86EE267A514B9B6BC3F3080306EEBC
:1079A000903AF8EE666A9FED4F6A67EE867A76EE59
:1079B000A77AF7EE006A77EEA67A27EE277A1BE021
:1079C00007EE10CAF8EE476A9FED486A86EE267AFF
:1079D000424B9B6BC3F3080306EE903AF8EE666ADF
:1079E0009FED406A67EE867A76EEA77AF7EE006A38
:1079F00077EEA67A27EE277A384A936BC3F34623AD
:107A000007EE903AF8EE677AF7EE006A77EEA67A1C
:107A100087EE276ABCEEC66A80ED006A936BC3F3FB
:107A2000064307EE903AF8EE677A77EEA67A87EE8D
:107A3000276ABCEEC66A80ED016A936BC3F30663E6
:107A400007EE903AF8EE677A77EEA67AC7EE276AE5
:107A5000FCEEE66AC0ED026A5DF8044B704707EE83
:107A600010CAF8EE476A9FED226A86EE267A1B4B13
:107A70009B6BC3F3080306EE903AF8EE666A9FED3F
:107A8000196A67EE867A76EEA77AF7EE006A77EEE5
:107A9000A67A27EE277AAFE707EE10CAF8EE476A14
:107AA0009FED126A86EE267A0C4B9B6BC3F308039C
:107AB00006EE903AF8EE666A9FED0A6A67EE867AFD
:107AC00076EEA77AF7EE006A77EEA67A27EE277AA7
:107AD00092E70023036043608360BDE700440258DF
:107AE0000090D003000000390024744C0024744A34
:107AF000001BB74B10B4794B9A6A9C6AC4F3055CBF
:107B0000D96AC1F300215B6CC3F3CC0301FB03F31F
:107B100014F07C7F00F0DD8002F0030207EE903A63
:107B2000F8EE677A012A4BD0022A00F09880002AEA
:107B300040F0B280694B1B6813F0200F23D06749D7
:107B40000A68C2F3C102664BD34007EE103AF8EE62
:107B5000476A07EE10CAB8EE476A86EE867A0B6C63
:107B6000C3F3080306EE903AF8EE666A9FED5D6A8D
:107B700067EE867A76EEA77AF7EE006A77EEA67A57
:107B800027EE277A38E007EE10CAF8EE476A9FED35
:107B9000566A86EE267A514B1B6CC3F3080306EE39
:107BA000903AF8EE666A9FED4F6A67EE867A76EE57
:107BB000A77AF7EE006A77EEA67A27EE277A1BE01F
:107BC00007EE10CAF8EE476A9FED486A86EE267AFD
:107BD000424B1B6CC3F3080306EE903AF8EE666A5C
:107BE0009FED406A67EE867A76EEA77AF7EE006A36
:107BF00077EEA67A27EE277A384A136CC3F346232A
:107C000007EE903AF8EE677AF7EE006A77EEA67A1A
:107C100087EE276ABCEEC66A80ED006A136CC3F378
:107C2000064307EE903AF8EE677A77EEA67A87EE8B
:107C3000276ABCEEC66A80ED016A136CC3F3066363
:107C400007EE903AF8EE677A77EEA67AC7EE276AE3
:107C5000FCEEE66AC0ED026A5DF8044B704707EE81
:107C600010CAF8EE476A9FED226A86EE267A1B4B11
:107C70001B6CC3F3080306EE903AF8EE666A9FEDBC
:107C8000196A67EE867A76EEA77AF7EE006A77EEE3
:107C9000A67A27EE277AAFE707EE10CAF8EE476A12
:107CA0009FED126A86EE267A0C4B1B6CC3F3080319
:107CB00006EE903AF8EE666A9FED0A6A67EE867AFB
:107CC00076EEA77AF7EE006A77EEA67A27EE277AA5
:107CD00092E70023036043608360BDE700440258DD
:107CE0000090D003000000390024744C0024744A32
:107CF000001BB74B10B402685369916941F0080149
:107D0000916101688A6942F010028A6101680A681B
:107D100022F001020A6001680C69294A22400A61C6
:107D200001688A6822F440428A6090F88120D2B2C9
:107D3000042A0DD013F0200F0AD0D0F8842042F08E
:107D40008002C0F8842001688A6942F020028A61BA
:107D500090F88120D2B2032A0DD013F0400F0AD040
:107D6000D0F8842042F00402C0F8842001688A69B7
:107D700042F040028A6113F4007F0AD0D0F88420D8
:107D800042F00102C0F8842001688A6942F400725E
:107D90008A6113F4807F0AD0D0F8843043F008035E
:107DA000C0F884300268936943F4807393610023C0
:107DB000A0F86230A0F86A305DF8044B704700BF4D
:107DC00090FCFFFFC36B5B09C0680830C00803FB71
:107DD000000070472DE9F84380460F4616461D46C1
:107DE000DDF8209000E0BDB1D8F800305C6937EADA
:107DF00004040CBF01230023B3420AD1FBF71EFA8F
:107E0000A0EB0900A842EED3B5F1FF3FEBD0032071
:107E100000E00020BDE8F8830320FBE7002800F025
:107E2000B78070B504460023836205685C4B5D4EE5
:107E30009D4218BFB54214BF0126002607D0A3F506
:107E400074439D4203D0C3680F2B00F2A3802046E9
:107E5000FFF7B8FF2EB1544B9D4202D0082800F224
:107E60009B804F4A4F4B9D4218BF954203D003F56C
:107E700080639D4202D1102800F2908094F88130F6
:107E8000F3B1022384F881302268136823F00103E0
:107E9000136023689A6802F4F812A169B1F1806F47
:107EA00014D0636813F4800F23D0E368062B20D925
:107EB00021680B6823F48073206D03430B601DE081
:107EC00084F880302046FAF721FDDAE76168B1F5E1
:107ED000800F06D00029E4D1A16BB1F1805FE0D121
:107EE00002E0A06B0028F5D1196841F480511960B7
:107EF000D7E721680B6823F480730B60E369A16AFC
:107F00000B431343E26B1343E16822680B43936016
:107F1000636B626A1343A26B1343A2691343226922
:107F2000134362691343226A134362681343E26C8A
:107F30001343A2681343A26C1343A16D22680B4341
:107F4000D36063686BB92268936823F4C05343F429
:107F5000006393602268936823F4C06343F48063F2
:107F600093602268136D23F001031365636813F4B3
:107F7000800F06D02268D36823F00043616D0B4365
:107F8000D3600020C4F88400012384F8813070BDE0
:107F9000012070470120FAE70120F8E70120F6E709
:107FA0000030014000380040003C00402DE9F04F17
:107FB00083B004468A4691461D46D0F800B0C66B91
:107FC000C6F34F16FBF73AF994F88170FFB2012F10
:107FD00040F02D820136B6B28046B9F1000F18BFCD
:107FE000BAF1000F00F02482002D00F0218294F8F5
:107FF0008030012B00F02082012384F8803005239B
:1080000084F881300023C4F88430C4F86490A4F864
:108010006A50A4F86850C4F85CA0A4F86250A4F8B0
:108020006050236763672268D36823F4C023D3605A
:1080300022689C499C4B9A4218BF8A4209D003F59A
:1080400080639A4202D04FF0080904E04FF0100913
:1080500001E04FF0100953686FF30F032B43536097
:108060002268136843F0010313606368B3F5800F5F
:1080700006D0E3680F2B7AD94FEA990BA9461FE087
:108080002268136843F400731360F2E723685A69A7
:10809000B9F1000F14D0596911F0010F32D0626E9E
:1080A0001B6B1360636E04336366B4F86A309BB273
:1080B000013B9BB2A4F86A30B4F86A901FFA89F9C0
:1080C00045EA09039BB2002B00F0948123685A69AA
:1080D00012F0020FDAD0002DD8D005EB0B0291453B
:1080E000D4D2E26D12681A62E36D0433E365B4F82A
:1080F00062309BB2013B9BB2A4F86230B4F862508C
:10810000ADB2C3E7B14514D212F4004F11D0626E84
:108110001B6B1360636E04336366B4F86A309BB202
:10812000013B9BB2A4F86A30B4F86A901FFA89F94F
:10813000C6E7FBF783F8A0EB08000C9B984202D33C
:10814000B3F1FF3F02D10C9B002BB9D12046FFF7C2
:10815000D1FDD4F8843043F48073C4F88430012313
:1081600084F88130002384F88030032760E1072BF6
:1081700040F23E814FEA59039A46A9461AE0236825
:108180005A69B9F1000F15D05B6913F0010F34D0B3
:10819000636EBBF830201A80636E02336366B4F8F6
:1081A0006A309BB2013B9BB2A4F86A30B4F86A9083
:1081B0001FFA89F945EA09039BB2002B00F01A81E6
:1081C00023685B6913F0020FD9D0002DD7D0534636
:1081D000EB189945D3D2E36D1B88ABF82030E36DE3
:1081E0000233E365B4F862309BB2013B9BB2A4F862
:1081F0006230B4F86250ADB2C1E7B1451BD212F49F
:10820000004F18D0636EBBF830201A80636E9A1C42
:108210006266BBF830205A80636E02336366B4F83E
:108220006A309BB2023B9BB2A4F86A30B4F86A9001
:108230001FFA89F9BEE7B9F1010F15D112F4005FF9
:1082400012D0636EBBF830201A80636E023363660F
:10825000B4F86A309BB2013B9BB2A4F86A30B4F820
:108260006A901FFA89F9A5E7FAF7E8FFA0EB080082
:108270000C9B984202D3B3F1FF3F02D10C9B002B21
:1082800098D12046FFF736FDD4F8843043F480734C
:10829000C4F88430012384F88130002384F88030CE
:1082A0000327C5E0003001400038004023685A69C8
:1082B000BBF1000F15D0596911F0010F34D0626E77
:1082C00093F830301370636E01336366B4F86A302C
:1082D0009BB2013B9BB2A4F86A30B4F86AB01FFAB3
:1082E0008BFB45EA0B039BB2002B00F083802368D5
:1082F0005A6912F0020FD9D0002DD7D005EB090230
:108300009345D3D2E26D127883F82020E36D0133D8
:10831000E365B4F862309BB2013B9BB2A4F86230D3
:10832000B4F86250ADB2C1E7B3452AD212F4004F9F
:1083300027D0626E93F830301370636E5A1C6266F9
:10834000226892F830205A70636E5A1C6266226866
:1083500092F830205A70636E5A1C6266226892F856
:1083600030205A70636E01336366B4F86A309BB292
:10837000043B9BB2A4F86A30B4F86AB01FFA8BFBD6
:10838000AFE7BBF1030F15D812F4C04F12D0626EE5
:1083900093F830301370636E01336366B4F86A305B
:1083A0009BB2013B9BB2A4F86A30B4F86AB01FFAE2
:1083B0008BFB96E7FAF742FFA0EB08000C9B984274
:1083C00002D3B3F1FF3F02D10C9B002B89D1204691
:1083D000FFF790FCD4F8843043F48073C4F8843001
:1083E000012384F88130002384F8803003271FE0C4
:1083F000AB4676E7CDF800800C9B00220821204692
:10840000FFF7E8FC28B1D4F8843043F02003C4F827
:1084100084302046FFF76EFC012384F8813000236E
:1084200084F88030D4F8843013B9002700E00227A4
:10843000384603B0BDE8F08F0227F9E7F0B4026ACE
:10844000036A23F001030362466884691E4B2340DC
:108450000D681D4322F002028B6813431B4A1C4C1B
:10846000A04218BF90420CBF012200220CD004F59C
:108470008044A04214BF00240124164FB84203D008
:1084800014B9154CA04205D123F00803CC6823434E
:1084900023F004035AB9114A904214BF002201226A
:1084A0000C4CA04203D012B90B4A904205D126F4DD
:1084B00040764A6932438E691643466085614A6850
:1084C00042630362F0BC70478CFFFEFF0000014076
:1084D00000040140004001400048014000440140C8
:1084E00070B4036A026A22F4807202624568C46949
:1084F0001A4A22400E68164323F400738A6843EA3E
:108500000223174A174CA04218BF90420CBF012209
:10851000002206D123F40063CC6843EA042323F449
:1085200080635AB9104A904214BF002201220F4CB6
:10853000A04203D012B90E4A904207D125F440520E
:108540004C6942EA04128C6942EA04154560C6612E
:108550004A68C263036270BC704700BF8CFFFEFFB5
:10856000000001400004014000440140004001407F
:108570000048014070B4036A026A22F48052026229
:108580004468C569144A2A400D6842EA052223F46A
:1085900000538D6843EA0533104E114DA84218BFB1
:1085A000B0420DD005F58045A84214BF0025012535
:1085B00006F58046B04203D015B90A4DA84204D151
:1085C00024F480444D6944EA85144460C2614A68D9
:1085D0000264036270BC7047FF8CFFFE0000014024
:1085E000000401400048014070B4036A026A22F4AA
:1085F000803202624268456D144E2E400D682E4353
:1086000023F400338C6843EA0443114D114CA0421B
:1086100018BFA8420DD004F58044A04214BF002426
:10862000012405F58045A84203D014B90A4CA042A4
:1086300004D122F480324C6942EA04224260466549
:108640004A688265036270BC704700BF8FFFFEFFFF
:1086500000000140000401400048014070B4036A7A
:10866000026A22F4801202624468456D144A2A406C
:108670000D6842EA052223F400138D6843EA05538E
:10868000104E114DA84218BFB0420DD005F58045DF
:10869000A84214BF0025012506F58046B04203D04C
:1086A00015B90A4DA84204D124F480244D6944EA46
:1086B0008524446042654A68C265036270BC7047A5
:1086C000FF8FFFFE00000140000401400048014010
:1086D00010B4036A046A24F001040462846924F07B
:1086E000F00C4CEA021223F00A030B43826103628E
:1086F0005DF8044B704710B4036A046A24F0100458
:108700000462846924F4704C4CEA023223F0A00322
:1087100043EA0113826103625DF8044B7047000075
:108720008268034B13400B4343F007038360704799
:108730008FFFCFFF90F83D30DBB2012B42D10223F7
:1087400080F83D300268D36843F00103D3600368CA
:108750001E4AB3F1804F18BF934225D0A2F57C4248
:10876000934221D002F5806293421DD002F58062CF
:10877000934219D002F57842934215D0A2F56C428B
:10878000934211D002F5943293420DD0A2F5C0422B
:10879000934209D002F58062934205D01A6842F0F4
:1087A00001021A60002070479968094A0A40062AA7
:1087B00018BFB2F5803F07D01A6842F001021A6074
:1087C00000207047012070470020704700000140E2
:1087D000070001007047704770477047704770B5D9
:1087E00004460368DE681D6915F0020F10D016F00C
:1087F000020F0DD06FF002021A61012303770368A4
:108800009B6913F0030F64D0FFF7E6FF0023237783
:1088100015F0040F12D016F0040F0FD023686FF07C
:1088200004021A610223237723689B6913F4407FB3
:1088300055D02046FFF7D0FF0023237715F0080F0F
:1088400012D016F0080F0FD023686FF008021A61DB
:10885000042323772368DB6913F0030F46D02046F7
:10886000FFF7BAFF0023237715F0100F12D016F090
:10887000100F0FD023686FF010021A6108232377BE
:108880002368DB6913F4407F37D02046FFF7A4FF4D
:108890000023237715F0010F02D016F0010F33D11A
:1088A00015F4025F02D016F0800F35D115F4807FE9
:1088B00002D016F0800F37D115F0400F02D016F01D
:1088C000400F39D115F0200F02D016F0200F3BD108
:1088D00070BDFFF780FF2046FFF77FFF96E7204639
:1088E000FFF779FF2046FFF778FFA5E72046FFF75F
:1088F00072FF2046FFF771FFB4E72046FFF76BFFDA
:108900002046FFF76AFFC3E723686FF001021A6190
:108910002046F9F707FFC3E723686FF402521A6194
:10892000204600F012FCC1E723686FF480721A61E0
:10893000204600F00BFCBFE723686FF040021A618D
:108940002046FFF74BFFBDE723686FF020021A6156
:10895000204600F0F9FBBBE770B403683E4A904242
:1089600014BF00220122B0F1804F14BF144642F020
:108970000104ACB9394DA84214BF00250125384E79
:10898000B0420DD065B905F1804505F58235A842A4
:1089900014BF0025012506F50066B04200D01DB1C8
:1089A00023F070034D682B4364BB2C4CA04214BFD2
:1089B000002401242A4DA84224D01CBB04F1804489
:1089C00004F58234A04214BF0024012405F500659B
:1089D000A84217D0B4B9234CA04214BF00240124EC
:1089E00005F59A35A8420DD064B91F4CA04214BFBA
:1089F0000024012405F50065A84203D014B91B4CDE
:108A0000A04203D123F44073CC68234323F08003B6
:108A10004C6923438C68C4620C688462144CA04285
:108A200008BF42F0010262B90E4A904214BF002210
:108A3000012204F57054A04203D012B90D4A9042AD
:108A400001D10A690263026842F004020260012255
:108A50004261036070BC70470000014000080040A4
:108A6000000400400044014000E0004000E40040F9
:108A7000000401400048014060B310B5044690F87E
:108A80003D3013B3022384F83D30214651F8040BE6
:108A9000FFF762FF012384F8483084F83E3084F801
:108AA0003F3084F8403084F8413084F8423084F814
:108AB000433084F8443084F8453084F8463084F8F4
:108AC000473084F83D30002010BD80F83C30FAF784
:108AD000C9F8D7E70120704760B310B5044690F895
:108AE0003D3013B3022384F83D30214651F8040B86
:108AF000FFF732FF012384F8483084F83E3084F8D1
:108B00003F3084F8403084F8413084F8423084F8B3
:108B1000433084F8443084F8453084F8463084F893
:108B2000473084F83D30002010BD80F83C30FFF71E
:108B300051FED7E70120704770B4036A026A22F041
:108B400010020262456884691A4E26400C6846EAA3
:108B5000042623F020038A6843EA0213164A174CBE
:108B6000A04218BF90420CBF0122002206D123F080
:108B70008003CC6843EA041323F040035AB9104A37
:108B8000904214BF002201220E4CA04203D012B921
:108B90000D4A904207D125F4406C4A694CEA820C98
:108BA0008A694CEA8205456086614A68826303628D
:108BB00070BC7047FF8CFFFE0000014000040140C4
:108BC00000440140004001400048014038B590F8A1
:108BD0003C30012B00F0958004460D46012380F8BF
:108BE0003C30142A00F28880DFE802F00B8686868B
:108BF0001F86868634868686488686865D86868635
:108C000071000068FFF71AFC2268936943F00803BB
:108C100093612268936923F0040393612268936946
:108C200029690B439361002067E00068FFF784FF28
:108C30002268936943F4006393612268936923F483
:108C40008063936122689369296943EA01239361F0
:108C5000002052E00068FFF743FC2268D36943F02C
:108C60000803D3612268D36923F00403D361226827
:108C7000D36929690B43D36100203EE00068FFF708
:108C800079FC2268D36943F40063D3612268D36915
:108C900023F48063D3612268D369296943EA0123FD
:108CA000D361002029E00068FFF79EFC2268536D25
:108CB00043F0080353652268536D23F004035365A2
:108CC0002268536D29690B435365002015E0006845
:108CD000FFF7C4FC2268536D43F4006353652268B8
:108CE000536D23F4806353652268536D296943EA09
:108CF00001235365002000E00120002384F83C306C
:108D000038BD0220FCE710B4846824F47F4C42EAAA
:108D100003220A4342EA0C0282605DF8044B70476A
:108D200090F83C30012B00F08F8010B504460123F1
:108D300080F83C30022380F83D3002689068434B55
:108D4000034093600B68702B55D031D8502B6CD0FA
:108D50001FD8402B0AD1CA6849682068FFF7B8FCC1
:108D600040212068FFF7DCFC002029E068D8202B98
:108D700003D00AD80BB1102B05D119462068FFF794
:108D8000CFFC00201CE001201AE0302BF5D00120A0
:108D900016E0602B0AD1CA6849682068FFF7ABFC6F
:108DA00060212068FFF7BCFC002009E0012007E0FB
:108DB000B3F5005F2CD00AD8B3F5805F42D1002014
:108DC000012384F83D30002384F83C3010BD204A54
:108DD0009342D2D007D8B3F5801FCED0B3F1101F85
:108DE000CBD00120ECE71B4A9342C6D0103293420D
:108DF000C3D00120E4E7CB684A6889682068FFF7A0
:108E000082FF2268936843F0770393600020D7E7DE
:108E1000CB684A6889682068FFF775FF2268936805
:108E200043F4804393600020CAE7CA684968206819
:108E3000FFF74EFC50212068FFF772FC0020BFE7CF
:108E40000120BDE70120BBE7022070478800CEFF6C
:108E5000200010003000100001F01F014FF0010C45
:108E60000CFA01FC036A23EA0C030362036A8A40DA
:108E7000134303627047000010B5044610293DD823
:108E8000DFE801F0093C3C3C203C3C3C273C3C3CBE
:108E90002E3C3C3C350090F83E30DBB2013B18BF25
:108EA0000123002B40F09E80102900F28980DFE82A
:108EB00001F02C878787778787877B8787877F87DE
:108EC0008787830090F83F30DBB2013B18BF012356
:108ED000E7E790F84030DBB2013B18BF0123E0E741
:108EE00090F84130DBB2013B18BF0123D9E790F87D
:108EF0004230DBB2013B18BF0123D2E790F8433088
:108F0000DBB2013B18BF0123CBE7022384F83E30DC
:108F100001222068FFF7A0FF23683449344A9342B6
:108F200018BF8B420BD002F57052934207D002F566
:108F30008062934203D002F58062934203D15A6C5F
:108F400042F400425A642368284AB3F1804F18BFA4
:108F5000934239D0A2F57C42934235D002F580622B
:108F6000934231D002F5806293422DD002F57842CF
:108F7000934229D0A2F56C42934225D002F5943257
:108F8000934221D0A2F5C04293421DD002F58062E7
:108F9000934219D01A6842F001021A60002022E0C0
:108FA000022384F83F30B3E7022384F84030AFE770
:108FB000022384F84130ABE7022384F84230A7E76C
:108FC000022384F84330A3E799680A4A0A40062A34
:108FD00018BFB2F5803F07D01A6842F001021A604C
:108FE000002000E0012010BD0020FCE7000001404F
:108FF000000401400700010090F83C20012A4DD0F8
:1090000070B40346012280F83C20022280F83D2003
:10901000026850689468224E224DAA4218BFB2429C
:1090200003D120F470004D68284320F070000D68D3
:10903000284350601A681A48B2F1804F18BF824224
:109040001FD0A0F57C4082421BD000F58060824298
:1090500017D000F58060824213D000F5784082423C
:109060000FD0A0F56C4082420BD000F594308242C4
:1090700007D0A0F5C040824203D000F58060824254
:1090800004D124F08004896821439160012283F88F
:109090003D20002083F83C0070BC704702207047E0
:1090A000000001400004014090F83C30012B44D006
:1090B00030B40246012380F83C30CB6823F440737F
:1090C0008868034323F480634868034323F4006300
:1090D0000868034323F480530869034323F40053CF
:1090E0004869034323F48043086B034323F470234C
:1090F000886943EA004323F08053C869034310683A
:109100000F4D104CA04218BFA84210D123F4700399
:109110008C6A43EA045323F080730C6A234323F0E0
:1091200000734C6A234323F00053C96A0B43436422
:10913000002082F83C0030BC70470220704700BF1E
:10914000000001400004014070477047704702680A
:1091500052E8003F23F0C00342E800310029F6D175
:10916000026802F1080353E8003F23F400030832C9
:1091700042E800310029F3D12023C0F8883070473D
:10918000026852E8003F23F4907342E8003100295E
:10919000F6D1026802F1080353E8001F0D4B0B40A3
:1091A000083242E800310029F3D1C36E012B06D00A
:1091B0002023C0F88C300023C366436770470268E1
:1091C00052E8003F23F0100342E800310029F6D1B5
:1091D000EEE700BFFEFFFFEF704738B5846BD4F8B1
:1091E0008820D4F88C5023689B6813F0800F01D03E
:1091F000212A10D023689B6813F0400F01D0222D44
:1092000010D0D4F8903043F01003C4F890302046CA
:10921000F8F7B8FA38BD0023A4F856302046FFF717
:1092200096FFE7E70023A4F85E302046FFF7A8FF8B
:10923000E7E7704708B5806B01230367C36E012B16
:1092400002D0FFF7C9FF08BDB0F85C104908FFF76E
:10925000F0FFF8E708B50346806BDB69B3F5807F64
:1092600029D00023A0F85E30026852E8003F23F4C2
:10927000807342E800310029F6D1026802F1080348
:1092800053E8003F23F00103083242E8003100298F
:10929000F3D1026802F1080353E8003F23F04003D2
:1092A000083242E800310029F3D12023C0F88C3085
:1092B000C36E012B07D000230367C36E012B0CD0B4
:1092C000F8F750FA08BD026852E8003F23F0100397
:1092D00042E800310029F6D1EDE7B0F85C10FFF765
:1092E000A8FFEFE770B586B00446836802691343B0
:1092F00042691343C269134301680868904A0240F7
:109300001A430A602268536823F44053E1680B4310
:109310005360A16922688B4B9A4201D0236A19439A
:109320009068894B03400B4393602268D36A23F013
:109330000F03616A0B43D3622368844A934229D0A6
:10934000834A934200F09480824A934200F0AA80BC
:10935000814A934200F0C080804A934200F0D68058
:109360007F4A934200F008817E4A934200F02D81AB
:109370007D4A934200F040817C4A934200F0538141
:109380007B4A934200F078816E4A934200F09D81BF
:10939000802233E0774A526D02F03802282A65D8DD
:1093A000DFE812F0290064006400640064006400D7
:1093B00064006400AB016400640064006400640045
:1093C000640064002B0064006400640064006400B6
:1093D000640064005E006400640064006400640073
:1093E0006400640060006400640064006400640061
:1093F000640064006200012200E0082251498B42AF
:1094000000F09481E069B0F5004F00F00A82202A54
:1094100000F26182202A00F2AE82DFE812F06302DD
:109420007D02AC02AC028002AC02AC02AC0285024E
:10943000AC02AC02AC02AC02AC02AC02AC028A02DE
:10944000AC02AC02AC02AC02AC02AC02AC02AC02AC
:10945000AC02AC02AC02AC02AC02AC02AC029602B2
:109460001022CBE72022C9E74022C7E78022C5E7C8
:10947000404A526D02F00702052A11D8DFE812F0C7
:1094800006003F0108000A000C000E000022B5E7AC
:109490000822B3E71022B1E72022AFE74022ADE770
:1094A0008022ABE7334A526D02F00702052A11D839
:1094B000DFE812F00600270108000A000C000E0089
:1094C00000229BE7082299E7102297E7202295E7E0
:1094D000402293E7802291E7264A526D02F007026C
:1094E000052A11D8DFE812F006000F0108000A0073
:1094F0000C000E00002281E708227FE710227DE7A2
:1095000020227BE7402279E7802277E7194A526DD3
:1095100002F00702052A11D8DFE812F00600F70072
:1095200008000A000C000E00002267E7082265E729
:10953000102263E7202261E740225FE780225DE797
:10954000F369FFCF000C0058FFF4FF110010014039
:109550000044004000480040004C004000500040E3
:109560000014014000780040007C004000180140D9
:10957000001C014000440258694A526D02F0380252
:10958000282A20D8DFE802F0151F1F1F1F1F1F1FEA
:10959000C31F1F1F1F1F1F1F171F1F1F1F1F1F1F3F
:1095A000191F1F1F1F1F1F1F1B1F1F1F1F1F1F1FD5
:1095B0001D00012222E7082220E710221EE72022B8
:1095C0001CE740221AE7802218E7554A526D02F044
:1095D0000702052A0ED8DFE802F0039C0507090BF5
:1095E00000220BE7082209E7102207E7202205E7FF
:1095F000402203E7802201E7494A526D02F0070248
:10960000052A0ED8DFE802F003870507090B0022C0
:10961000F4E60822F2E61022F0E62022EEE64022EE
:10962000ECE68022EAE63E4A526D02F03802282A31
:1096300020D8DFE802F0151F1F1F1F1F1F1F721FFA
:109640001F1F1F1F1F1F171F1F1F1F1F1F1F191F38
:109650001F1F1F1F1F1F1B1F1F1F1F1F1F1F1D003F
:109660000122CBE60822C9E61022C7E62022C5E681
:109670004022C3E68022C1E6294A526D02F0380238
:10968000282A20D8DFE802F0151F1F1F1F1F1F1FE9
:109690004E1F1F1F1F1F1F1F171F1F1F1F1F1F1FB3
:1096A000191F1F1F1F1F1F1F1B1F1F1F1F1F1F1FD4
:1096B0001D000122A2E60822A0E610229EE620223A
:1096C0009CE640229AE6802298E602F50E32926DE0
:1096D00002F00702052A0ED8DFE802F0032605078C
:1096E000090B02228AE6082288E6102286E620225A
:1096F00084E6402282E6802280E604227EE604227E
:109700007CE604227AE6042278E6042276E6042245
:1097100074E6042272E6042270E604226EE600BFBC
:1097200000440258042269E6042267E6202A27D86A
:10973000022AC0F00E81023A1E2A00F20C81DFE8F4
:1097400012F026000A0156000A010A010A015B0014
:109750000A010A010A010A010A010A010A0160005C
:109760000A010A010A010A010A010A010A010A01A1
:109770000A010A010A010A010A010A010A016C0030
:10978000402A02D14FF4004006E00120F4E0FEF749
:109790009FF8002800F0E180626A7E4B33F81220C7
:1097A000B0FBF2F3656805EB4501994200F2D78002
:1097B000B3EB053F00F2D580002633463146F6F77D
:1097C00095FE090241EA106100026B08C0182A46A2
:1097D000334641F10001F6F789FEA0F540726E4B69
:1097E0009A4200F2C0802368D8603046C4E003A8E3
:1097F000FEF780F80498CCE76846FEF77BF90198FD
:10980000C7E7664B1B6813F0200F08D0634B1B683B
:10981000C3F3C1036248D840BEE76248BCE7604872
:10982000BAE7202A15D8202A00F29F80DFE802F04C
:1098300015369D9D399D9D9D3E9D9D9D9D9D9D9D0A
:10984000439D9D9D9D9D9D9D9D9D9D9D9D9D9D9DA2
:109850004F00402A06D001208EE0FDF7CDF9002808
:1098600000F08580626A4B4B33F81230B0FBF3F0A6
:109870006268530803EB4003B3FBF2F3A3F110015A
:109880004FF6EF72914274D89AB222F00F02C3F3EE
:10989000420313432268D36000206DE0FDF7BEF958
:1098A000DDE703A8FEF726F80498D8E76846FEF738
:1098B00021F90198D3E7394B1B6813F0200F08D02A
:1098C000364B1B68C3F3C1033548D840CAE7354857
:1098D000C8E73348C6E7402A02D14FF4004005E00C
:1098E000012049E0FDF788F900284FD0626A294B32
:1098F00033F81230B0FBF3F0636800EB5300B0FBB9
:10990000F3F0A0F110024FF6EF739A4240D82368AB
:1099100080B2D86000202FE0FDF780F9E4E703A8CB
:10992000FDF7E8FF0498DFE76846FEF7E3F80198E3
:10993000DAE71A4B1B6813F0200F08D0174B1B688F
:10994000C3F3C1031648D840D0E71648CEE7144801
:10995000CCE7012010E001200EE000200CE0012007
:109960000AE0012008E0012006E0012004E00020D8
:1099700002E0012000E001200123A4F86A30A4F8ED
:10998000683000236367A36706B070BD0020F3E76B
:109990000120F1E7A4E70008FFFC0F000044025893
:1099A0000090D00300093D00836A13F0080F06D031
:1099B0000268536823F40043816B0B435360836A4E
:1099C00013F0010F06D00268536823F40033C16A14
:1099D0000B435360836A13F0020F06D0026853688A
:1099E00023F48033016B0B435360836A13F0040F3D
:1099F00006D00268536823F48023416B0B43536005
:109A0000836A13F0100F06D00268936823F4805322
:109A1000C16B0B439360836A13F0200F06D002687A
:109A2000936823F40053016C0B439360836A13F033
:109A3000400F0AD00268536823F48013416C0B4333
:109A40005360436CB3F5801F0BD0836A13F0800F13
:109A500006D00268536823F40023C16C0B435360A3
:109A600070470268536823F4C003816C0B43536052
:109A7000EBE72DE9F84305460E4617469946DDF813
:109A800020802B68DC6936EA04040CBF0124002422
:109A9000BC423AD1B8F1FF3FF3D0F9F7CFFBA0EBCE
:109AA0000900404534D8B8F1000F33D02B681A684C
:109AB00012F0040FE5D0B6F1400218BF0122802E4B
:109AC000DFD0002ADDD0DA6912F0080F11D1DA698F
:109AD00012F4006FD5D04FF400621A622846FFF7E7
:109AE0004FFB2023C5F89030002385F884300320F5
:109AF0000CE008241C622846FFF742FBC5F89040A2
:109B0000002385F88430012000E00020BDE8F883C0
:109B10000320FBE70320F9E730B583B004460023B8
:109B2000C0F89030F9F78AFB05462268126812F0F7
:109B3000080F10D123681B6813F0040F28D12023CD
:109B4000C4F88830C4F88C300020E066206784F8C0
:109B5000840003B030BD6FF07E43009303460022C3
:109B60004FF400112046FFF784FF0028E2D022685E
:109B700052E8003F23F0800342E800310029F6D18B
:109B80002023C4F88830002384F884300320E0E7E1
:109B90006FF07E4300932B4600224FF48001204655
:109BA000FFF767FF0028CAD0226852E8003F23F47D
:109BB000907342E800310029F6D1226802F10803CF
:109BC00053E8003F23F00103083242E80031002946
:109BD000F3D12023C4F88C30002384F88430032090
:109BE000B7E778B310B50446D0F888300BB3242318
:109BF000C4F888302268136823F001031360A36A55
:109C0000E3B92046FFF76EFB012811D022685368A4
:109C100023F4904353602268936823F02A039360EF
:109C20002268136843F0010313602046FFF774FFB6
:109C300010BD80F88430F9F72FFAD8E72046FFF7F7
:109C4000B3FEDEE70120704710B504461346816578
:109C5000A0F85C200022C0F890202222C0F88C20BE
:109C6000D0F88020AAB12149D163D0F880202049C2
:109C70001164D0F880201F49D164D0F880200021E1
:109C800011650168826D2431D0F88000F9F734FF46
:109C900020BB236943B1226852E8003F43F480733C
:109CA00042E800310029F6D1226802F1080353E8A6
:109CB000003F43F00103083242E800310029F3D1AC
:109CC000226802F1080353E8003F43F040030832E2
:109CD00042E800310029F3D1002010BD1023C4F860
:109CE00090302023C4F88C300120F6E7559200080C
:109CF00035920008DB91000838B5D0F88C30202B65
:109D000019D1002A18BF002917D00023C3660368A1
:109D10000B4CA3420CD05B6813F4000F08D004680E
:109D200054E8003F43F0806344E80035002DF6D14D
:109D3000FFF78AFF00E0022038BD0120FCE700BFEA
:109D4000000C0058436E2BB90123A0F86A30A0F82C
:109D50006830704730B403689A68C2F34262996809
:109D6000490F094D6B5C1B01084C615C93FBF1F3DF
:109D7000A0F86A30AB5C1B01A25C93FBF2F3A0F885
:109D8000683030BC704700BFC4E70008BCE700087B
:109D900090F88430012B18D0012380F884302423DC
:109DA000C0F8883003681A68196821F00101196049
:109DB00022F000520023436601680A602022C0F8A6
:109DC000882080F88430184670470220704738B5E4
:109DD00090F88430012B1DD00446012380F8843094
:109DE0002423C0F8883003681D681A6822F0010235
:109DF0001A600268936823F0604319439160FFF78B
:109E0000A1FF23681D602023C4F88830002084F857
:109E1000840038BD0220FCE738B590F88430012B6F
:109E20001DD00446012380F884302423C0F88830F4
:109E300003681D681A6822F001021A6002689368BC
:109E400023F0606319439160FFF77CFF23681D6076
:109E50002023C4F88830002084F8840038BD022014
:109E6000FCE782B000230193019B01330193019B26
:109E7000B3F1706F15D80369002BF5DA0023019355
:109E8000036943F001030361019B01330193019BCB
:109E9000B3F1706F08D8036913F0010FF4D10020FB
:109EA00000E0032002B070470320FBE784B010B548
:109EB000044603A880E80E009DF81130012B1FD145
:109EC000A36B23F48033A363E2681F4B1340E3606A
:109ED000E36823F44013E3609DF81830012B0AD0A7
:109EE0002046FFF7BEFF9DF80E30012B1CD0BDE8C9
:109EF000104004B07047E36843F48013E360EFE779
:109F0000E36843F04003E3602046FFF7AAFF9DF8B3
:109F1000153023B9A36B43F48033A363E3E7A36B4A
:109F200023F48033A363DEE7E36D9BB2E365E26D68
:109F3000064B1343E365A36843F00603A360A368DD
:109F400043F02003A360D2E7BFFFBDFF0000EE0394
:109F5000022A0AD00922C36823F47053C360C3687D
:109F600043EA8223C36000207047204B0B44204A01
:109F7000934229D91F4B0B441F4A934226D91F4BAA
:109F80000B441F4A934223D91E4B0B441E4A934253
:109F900020D31E4B0B441E4A93421DD91D4B0B442C
:109FA0001D4A93421AD31D4B0B441D4A934217D3AB
:109FB0001C4B0B441C4A934214D31C4B0B441C4AAD
:109FC000934211D20722C6E70F22C4E70E22C2E74E
:109FD0000D22C0E70C22BEE70B22BCE70A22BAE73B
:109FE0000922B8E70822B6E70622B4E7405327FF64
:109FF000FF340C00401E1BFF3F420F0000DC0BFF34
:10A000007F4F1200808CF9FE20D6130060B6E5FE6B
:10A010005FE3160000D3CEFE40771B00C05BB3FEAB
:10A02000C091210000CA91FE20753800E05459FE0D
:10A03000E09C4100836843F0010383600020704787
:10A04000836823F0010383600020704782B00023FF
:10A050000193019B01330193019BB3F1706F15D8FC
:10A060000369002BF5DA00230193890141F02001F7
:10A070000161019B01330193019BB3F1706F08D81B
:10A08000036913F0200FF4D1002000E0032002B098
:10A0900070470320FBE782B000230193019B01334B
:10A0A0000193019BB3F1706F13D80369002BF5DAAC
:10A0B0000023019310230361019B01330193019B52
:10A0C000B3F1706F08D8036913F0100FF4D10020BA
:10A0D00000E0032002B070470320FBE7D0F800380F
:10A0E0001943C0F8001800207047000084B0F8B58C
:10A0F000044607A880E80E00002306E003F14002B2
:10A1000004EB82020021516001330E2BF6D99DF839
:10A11000266006BBD4F8043843F00203C4F80438C0
:10A12000A36B23F40013A363236843F0400323606D
:10A13000236843F0800323600023C4F8003E9DF8A9
:10A140002130012B11D19DF81F304BB90021204641
:10A15000FFF7C4FF0DE0A36B43F40013A363EBE729
:10A1600001212046FFF7BAFF03E003212046FFF755
:10A17000B5FF10212046FFF769FF054600B1012514
:10A180002046FFF788FF00B1012504F5006C00238D
:10A19000CCF81030CCF81430CCF81C300AE0CBB935
:10A1A0004FF00060C2F8000900220A614FF67F32CA
:10A1B0008A6001339DF81C10994210D904EB4312B8
:10A1C00002F51061D2F800090028E8DB0020C2F88F
:10A1D0000009E9E74FF09040C2F80009E4E70023E6
:10A1E0000AE0BBB14FF09047C2F8007B0022026149
:10A1F0004FF67F3282600133994210D904EB43124B
:10A2000002F53060D2F8007B002FEADB0027C2F8AD
:10A21000007BEBE74FF00067C2F8007BE6E7DCF875
:10A22000103023F48073CCF810300023A3616FF05A
:10A23000804363619DF81E301BB9A36943F010038E
:10A24000A361A2690A4B1343A3619DF822301BB19D
:10A25000A36943F00803A361012E04D02846BDE89A
:10A26000F84004B07047A269024B1343A361F5E7BD
:10A2700000383C8004000040D0F8083803F00603A2
:10A28000022B04D0062B04D02BB9002070470220EB
:10A290007047022070470F207047000010B591F8FA
:10A2A00000C04B78012B21D000F5006ED0F81C388F
:10A2B0000CF00F040122A24043EA0243C0F81C380C
:10A2C00000EB4C10D0F8003B13F4004F0CD1D0F849
:10A2D000002B8B68C3F30A03097943EA81431A43CD
:10A2E000134B1343C0F8003B002010BDD0F81C28CE
:10A2F0000CF00F0E03FA0EF39BB21343C0F81C3898
:10A3000000EB4C10D0F8003913F4004FECD1D0F82A
:10A3100000298B68C3F30A03097943EA814343EABE
:10A320008C531A43024B1343C0F80039DCE700BFDB
:10A330000080001030B40B784A78012A26D000EB58
:10A340004313D3F8002B002A52DBD0F83C480A789C
:10A3500002F00F024FF0010C0CFA02F224EA024262
:10A36000C0F83C28D0F81C28097801F00F010CFA3D
:10A3700001FC22EA0C42C0F81C28D3F8001B234A37
:10A380000A40C3F8002B002030BC704700EB431399
:10A39000D3F80029002A1EDBD0F83C580A7802F0D6
:10A3A0000F02012404FA02F292B225EA0202C0F876
:10A3B0003C28D0F81C28097801F00F018C40A4B289
:10A3C00022EA0402C0F81C28D3F80019104A0A40F7
:10A3D000C3F80029D7E7D3F8002942F00062C3F898
:10A3E0000029D3F8002942F08042C3F80029D3E7BE
:10A3F000D3F8002B42F00062C3F8002BD3F8002BF7
:10A4000042F08042C3F8002B9FE700BF0078F3EFD3
:10A41000007833EC10B483B00246002301934878EF
:10A4200001280BD00B7802EB4313D3F8000B002864
:10A430002DDB002003B05DF8044B70470B7802EB76
:10A440004313D3F80049002C01DB0020F2E7D3F8D6
:10A45000004944F00064C3F800490B7802EB431351
:10A46000D3F8004944F08044C3F80049019B01330C
:10A470000193019C42F210739C42DBD80B7802EBF3
:10A480004313D3F80039002BF0DB0020D2E7D3F8D8
:10A49000000B40F00060C3F8000B0B7802EB431395
:10A4A000D3F8000B40F08040C3F8000B019B013350
:10A4B0000193019842F21073984208D80B7802EB8E
:10A4C0004313D3F8003B002BF0DB0020B2E7012060
:10A4D000B0E710B59DF8084084B903334FEA930EF6
:10A4E0004FF0000C08E000EB023303F5805351F805
:10A4F000044B1C600CF1010CF445F4D3002010BD9A
:10A50000F0B583B00C784B78012B2DD000EB441CB8
:10A510000CF530631D696FF312051D611D696FF342
:10A52000DC451D61002C40F0CE800C690CB18C68BC
:10A530000C618C680C621D69C4F312042C431C610D
:10A540001C6944F400241C61012A00F0DF800B79AF
:10A55000012B00F0E180DCF8003B43F00443CCF831
:10A56000003B002003B0F0BD0B6973BB00EB44134C
:10A57000D3F810596FF3DC45C3F81059D3F81059CC
:10A5800045F40025C3F81059D3F810596FF312059C
:10A59000C3F81059012A54D000EB4414D4F8003900
:10A5A00043F00443C4F800390B79012B72D00B69D6
:10A5B000002BD6D0D0F83438097801F00F010122F1
:10A5C0008A401343C0F83438CBE700EB441303F55B
:10A5D00010631D696FF312051D611D696FF3DC4582
:10A5E0001D6184B90E698D68AE4200D90D611D6987
:10A5F00045F400251D611D690E69C6F3120C45EA7C
:10A600000C051D61C6E70D698E683544013DB5FB3B
:10A61000F6F51E691FFA85FC494F07EAC545354323
:10A620001D610D79012DE6D11D6925F0C0451D6123
:10A630001D694FEA4C7C0CF0C04C45EA0C051D61CD
:10A64000D9E7CB691BB100EB4412C2F814390B797E
:10A65000012B08D000EB4414D4F8003943F0044334
:10A66000C4F800397DE7D0F8083813F4807F08D1AA
:10A6700000EB4412D2F8003943F00053C2F800391D
:10A68000E8E700EB4412D2F8003943F08053C2F8F7
:10A690000039DFE7D0F8083813F4807F0CD1D4F804
:10A6A000003943F00053C4F8003900920B8A0A784D
:10A6B000C968FFF70EFF54E7D4F8003943F0805320
:10A6C000C4F80039F1E70C6954B91C698D68C5F309
:10A6D00012052C431C611C6944F400241C6133E7FF
:10A6E0008D682C44013CB4FBF5F4A4B204FB05F5E1
:10A6F0000D621D69124E06EAC4442C431C611C699C
:10A700000D6AC5F312052C431C611DE7CA68002AB7
:10A710003FF41DAF5A611AE7D0F8083813F4807F70
:10A7200006D1DCF8003B43F00053CCF8003B12E7C5
:10A73000DCF8003B43F08053CCF8003B0BE700BF54
:10A740000000F81F10B5844608464FEA920E02F04A
:10A750000302002305E00CF58051096840F8041B52
:10A7600001337345F7D37AB10CF5805CDCF8004017
:10A770000021CBB2DB0024FA03F300F8013B0131E6
:10A78000013A92B2002AF4D110BD0B784A78012A1E
:10A7900014D000EB4310D0F8002B002A06DB2BB1BD
:10A7A000D0F8003B23F08043C0F8003BD0F8003BDA
:10A7B00043F40013C0F8003B0020704700EB431047
:10A7C000D0F80029002A06DB2BB1D0F8003923F09D
:10A7D0008043C0F80039D0F8003943F40013C0F8C2
:10A7E0000039E9E70B784A78012A0ED000EB4310D4
:10A7F000D0F8003B23F40013C0F8003B0B79023B78
:10A80000DBB2012B15D90020704700EB4310D0F8C4
:10A81000003923F40013C0F800390B79023BDBB296
:10A82000012BF0D8D0F8003943F08053C0F800393C
:10A83000E9E7D0F8003B43F08053C0F8003BE2E783
:10A84000D0F8003823F4FE63C0F80038D0F80038A0
:10A85000090101F4FE610B43C0F800380020704785
:10A86000D0F8003E23F00303C0F8003ED0F80438CF
:10A8700023F00203C0F8043800207047D0F8003EEF
:10A8800023F00303C0F8003ED0F8043843F002037D
:10A89000C0F8043800207047426980691040704752
:10A8A000D0F8183800F50060C0691840000C7047F7
:10A8B000D0F8183800F50060C069184080B27047C1
:10A8C00000EB4111D1F8082B00F500604069104001
:10A8D0007047D0F81028D0F8343801F00F0C23FA64
:10A8E0000CF3DB01DBB2134300EB411000F5106009
:10A8F000806818407047406900F00100704738B523
:10A900000546C36823F0C043C360012913D019BBB7
:10A91000C36843F08043C36000240A20F8F794FC26
:10A920000A342846FFF7E7FF08B1C72CF5D9C82C31
:10A9300014D0002038BDC36843F00053C360002426
:10A940000A20F8F781FC0A342846FFF7D4FF0128D3
:10A95000EDD0C72CF4D9EAE70120EBE70120E9E7C5
:10A96000D0F800396FF30A03C0F80039D0F8043882
:10A9700043F48073C0F804380020704710B4046CAE
:10A98000154B9C4203D9D0F8003B002B16DB00246A
:10A99000C0F8104BD0F8104B44F40024C0F8104B12
:10A9A000D0F8104B44F01804C0F8104BD0F8104BFE
:10A9B00044F0C044C0F8104B012903D000205DF8DA
:10A9C000044B7047C0F8142BD0F8003B43F08023B1
:10A9D000C0F8003BF2E700BF0A30544F10B5D0F882
:10A9E000D43203F1B00250F822408CB100EB820067
:10A9F00043687BB194F80002FF280DD09B6894F85F
:10AA0000012221469847FF2384F80032002010BD20
:10AA10000320FCE70020FAE70020F8E70A23038080
:10AA2000004870479C000024F8B506460F4F82216D
:10AA3000384600F029FC05460121384600F024FC88
:10AA400004468121384600F01FFC0DB11022AA7186
:10AA50001CB1402222710022627118B140220271A1
:10AA600000224271432333800048F8BD20000024B7
:10AA7000F8B506460F4F8221384600F005FC054622
:10AA80000121384600F000FC04468121384600F0E0
:10AA9000FBFB0DB11022AA711CB1402222710022D1
:10AAA000627118B140220271002242714323338047
:10AAB0000048F8BD20000024F8B506460F4F82215B
:10AAC000384600F0E1FB05460121384600F0DCFB8A
:10AAD00004468121384600F0D7FB0DB11022AA713F
:10AAE0001CB1002222710222627118B1002202718F
:10AAF00002224271432333800048F8BD2000002425
:10AB000038B5D0F8D432B03350F8235095B104465C
:10AB100002F0B4FFC5F80C02D4F8D432B03304EB21
:10AB200083046368DB6805F50371D5F80402984770
:10AB3000002038BD0320FCE738B5D0F8C852D0F863
:10AB4000D432B03350F8234084B301F00F0303EB49
:10AB5000830200EB820292694AB103EBC30C05EB5E
:10AB60008C05ED69B2FBF5FC05FB1C2292B10023BC
:10AB7000C4F81432D0F8D432B03300EB8300436809
:10AB80001B69ABB10A4604F50471D4F80802984772
:10AB9000002038BD03EB830300EB830300249C619A
:10ABA0002346224602F0B2FF2046F2E70320F0E7F8
:10ABB0000020EEE7F0B583B0D0F8D43203F1B00254
:10ABC00050F8227000228DF80720ADF80420002FE5
:10ABD0007BD004460D46097811F0600634D0202E53
:10ABE0006CD1EA882AB311F0800F07D16B7887F80F
:10ABF0000032EA883F2A13D8D2B212E0B03300EB19
:10AC000083035B689B68394668789847EA88072A17
:10AC100028BF07223946204600F0FFFE002651E0FB
:10AC2000402287F801223946204600F00BFF00261B
:10AC300048E0B03300EB83035B689B680022294641
:10AC40006878984700263DE06F780B2F31D8DFE811
:10AC500007F006393030303030303030162690F87A
:10AC60009C32DBB2032B04D0294600F04AFB0326BA
:10AC700028E0022201A900F0D0FE3E4622E090F832
:10AC80009C32DBB2032B04D0294600F03AFB0326AA
:10AC900018E001220DF1070100F0BFFE12E090F86C
:10ACA0009C32DBB2032B0DD0294600F02AFB032691
:10ACB00008E0294600F025FB032603E0294600F0C2
:10ACC00020FB0326304603B0F0BD0326FAE738B573
:10ACD0000446812102F0FAFE002525870121204645
:10ACE00002F0F4FEA4F878518221204602F0EEFE34
:10ACF000A4F84C50A4F84E50D4F8D43203F1B0026A
:10AD000054F822209AB1B03304EB83035B685B688C
:10AD10009847D4F8D432B03354F8230002F0B8FE88
:10AD2000D4F8D432B03344F82350C4F8BC520020D5
:10AD300038BD70B504464FF4077002F0A5FE002838
:10AD400049D005464FF40772002103F04DF8D4F8BE
:10AD5000D432B03344F82350C4F8BC52237C002BC7
:10AD600041D14FF4007302228121204602F0A3FE5C
:10AD7000012626874FF4007302223146204602F056
:10AD80009AFEA4F878611023A4F84E300823032219
:10AD90008221204602F08FFE0123A4F84C300026C9
:10ADA000C5F80462D4F8D432B03304EB83035B6893
:10ADB0001B689847C5F81462C5F81862D5F80422D4
:10ADC00062B3257C1DBB4FF400730121204602F0C5
:10ADD000A5FE284670BDD4F8D432B033002244F822
:10ADE00023200225F5E7402302228121204602F09C
:10ADF00062FE01262687402302223146204602F0C9
:10AE00005AFEA4F878611023A4F84E30BEE7402320
:10AE10000121204602F082FE0025DAE70225D8E76C
:10AE200039B1D0F8D432B03300EB83004160002058
:10AE3000704703207047D0F8D432B03350F8233035
:10AE40002BB1C3F80812C3F810220020704703206A
:10AE50007047D0F8D432B03350F823301BB1C3F868
:10AE60000412002070470320704710B5D0F8D43288
:10AE7000B03350F8232092B1047C44B94FF40073EE
:10AE8000D2F80422012102F049FE204610BD4023E1
:10AE9000D2F80422012102F041FE0024F5E7032448
:10AEA000F3E798B108B503460020C3F8B802C3F829
:10AEB000C402C3F8D00209B1C3F8B412012183F867
:10AEC0009C121A70184602F08BFD08BD03207047D3
:10AED00010B582B00023ADF80630B9B10446C0F811
:10AEE000B812D0F8D422CB6A43B1AE3250F8223037
:10AEF000DB6A0DF106009847C4F8D002D4F8D832C6
:10AF00000133C4F8D832002002B010BD0320FBE7A3
:10AF100008B502F0C8FD08BD08B5D0F8B83213B1C5
:10AF20001B68984708BD0020FCE708B5D0F8B83288
:10AF30005B68984700B908BD0320FCE738B50446B4
:10AF400000F2AA25284600F0C8F90123C4F894327B
:10AF5000B4F8B032C4F8983294F8AA1201F01F0382
:10AF6000012B07D0022B0AD073B92946204600F0E6
:10AF70009BFB38BD2946204600F0D1FBF9E7294666
:10AF8000204600F00EFCF4E701F08001204602F0BC
:10AF9000A5FDEEE7F8B50446012380F89C320023B6
:10AFA000C0F894324360C0F8A43280F8A032D0F8E0
:10AFB000B832DBB15B68DBB1002198470746C8B9FE
:10AFC000402300221146204602F075FD0126A4F818
:10AFD00064614025C4F860512B4600228021204640
:10AFE00002F069FDA68425623846F8BD0027E7E730
:10AFF0000027E5E70327E3E701740020704790F896
:10B000009C32DBB2042B04D090F89C32DBB280F887
:10B010009D32042380F89C320020704790F89C32C7
:10B02000DBB2042B01D00020704790F89D32DBB2D8
:10B0300080F89C32F7E708B590F89C32DBB2032B1E
:10B0400001D0002008BDD0F8B832002BF9D0DB6960
:10B05000002BF6D09847F4E708B5D0F8D432AE33D9
:10B0600050F823205AB190F89C32DBB2032B01D068
:10B07000002008BD136A23B198470020F9E7032098
:10B08000F7E70020F5E708B5D0F8D432AE3350F832
:10B0900023205AB190F89C32DBB2032B01D0002060
:10B0A00008BD536A23B198470020F9E70320F7E76A
:10B0B0000020F5E70020704708B5012380F89C3296
:10B0C000D0F8B83223B15B680179984710B908BD50
:10B0D0000020FCE70320FAE70020704700207047BB
:10B0E00038B504460D46002942D11346D0F89422C3
:10B0F000032A01D0084638BDD0F85C11D0F8602191
:10B10000914209D890F8AA3203F01F03012B0ED008
:10B11000022B1BD028460FE0891AC0F85C118A4226
:10B1200028BF0A46194600F09CFC2846E3E790F841
:10B13000AE12FFF7D1FF20B994F89C32DBB2032B9B
:10B1400009D0204600F095FC2846D4E790F8AE12CE
:10B15000FFF7C4FFEFE700F1AE0354F823301A699C
:10B16000002AEED0C4F8D4021B6920469847E8E7CD
:10B1700001F07F01FFF7B2FF90B994F89C32DBB287
:10B18000032BB8D100F1AE0354F823309A69002A9A
:10B19000B1D0C4F8D4029B69294620469847AAE753
:10B1A0000020A8E738B504460D4600294BD11346C8
:10B1B000D0F89422022A07D094F8A00218B10023F4
:10B1C00084F8A032284638BDC269016A8A420ED886
:10B1D0008A4218D094F89C32DBB2032B27D080210E
:10B1E000204602F07BFC204600F04EFCE4E7521AB9
:10B1F000C261194600F01EFC00231A46194620467B
:10B2000002F08CFCD8E783699942E3D8D0F8982201
:10B210009342DFD20022114600F00CFC0021C4F85A
:10B2200098120B460A46204602F078FCC4E7D4F890
:10B23000B832DA68002AD2D00022C4F8D422DB68FF
:10B2400020469847CBE741F08001FFF747FF90B9D0
:10B2500094F89C32DBB2032BB5D100F1AE0354F865
:10B2600023305A69002AAED0C4F8D4025B6929465B
:10B2700020469847A7E70020A5E70B8802781344EB
:10B280000B80037818447047428803789A4218D993
:10B2900030B583B004460D46ADF806306388BDF87E
:10B2A00006209A420AD20DF10601FFF7E6FF437825
:10B2B000052BF3D18378AB42F0D100E0002003B03E
:10B2C00030BD002070470346002002E00130C0B2CC
:10B2D00001331A78002AF9D170470B7803704B7844
:10B2E00043708B78CA7843EA022343800B794A790A
:10B2F00043EA022383808B79CA7943EA0223C3801D
:10B30000704710B50446802102F0E8FB002120467A
:10B3100002F0E4FB10BD30B583B004460D460023B7
:10B32000ADF806304A88130A013B0E2B00F2BC80B0
:10B33000DFE803F0153044BABA9EABBABABABABA6B
:10B34000BABA0800D0F8B432DB6923B10DF10601B6
:10B35000007C98470AE02946FFF7D3FF18E0D0F8B1
:10B36000B4321B680DF10601007C9847EA88002A78
:10B3700000F0A380BDF80630002B00F099809A42BF
:10B3800028BF1A46ADF806200146204600F045FBCE
:10B3900003B030BD037C43B9D0F8B8329B6A0DF1DD
:10B3A0000600984702234370E0E7D0F8B832DB6A22
:10B3B0000DF10600984702234370D7E7D2B2052A61
:10B3C00052D8DFE802F003101D2A3744D0F8B43217
:10B3D0005B6823B10DF10601007C9847C6E729465A
:10B3E000FFF78FFFD4E7D0F8B4329B6823B10DF19B
:10B3F0000601007C9847B9E72946FFF782FFC7E7B7
:10B40000D0F8B432DB6823B10DF10601007C984717
:10B41000ACE72946FFF775FFBAE7D0F8B4321B69ED
:10B4200023B10DF10601007C98479FE72946FFF7FD
:10B4300068FFADE7D0F8B4325B6923B10DF10601C6
:10B44000007C984792E72946FFF75BFFA0E7D0F81A
:10B45000B4329B6923B10DF10601007C984785E762
:10B460002946FFF74EFF93E72946FFF74AFF8FE78C
:10B47000037C33B9D0F8B8325B6B0DF10600984706
:10B4800074E72946FFF73DFF82E7037C43B9D0F814
:10B49000B8321B6B0DF1060098470723437065E730
:10B4A0002946FFF72EFF73E72946FFF72AFF6FE7CC
:10B4B00029462046FFF725FF6AE7204600F0D9FA23
:10B4C00066E738B504468B88FBB9CB88EBB94B8867
:10B4D0007F2B1AD803F07F0590F89C32DBB2032B48
:10B4E0000CD080F89E52294602F008FB204600F05E
:10B4F000C0FA35B1022384F89C3209E0FFF701FF5E
:10B5000006E0012384F89C3202E02046FFF7F9FEB2
:10B5100038BD000070B504460E468D782F4B1D7067
:10B52000012D10D890F89C32DBB2022B0FD0032BE8
:10B5300026D0FFF7E6FE294B19782046FFF7F5FCE9
:10B540000325284670BDFFF7DCFE0325F9E7A5B10A
:10B5500045602946FFF7E0FC054638B131462046F4
:10B56000FFF7CFFE022384F89C32EAE7204600F082
:10B5700080FA032384F89C32E3E700F07AFAE0E7EC
:10B58000CDB141688D4225D0C9B2FFF7CEFC134B37
:10B59000197861602046FFF7BFFC0546B0B131461F
:10B5A0002046FFF7AEFE21792046FFF7BEFC0223BE
:10B5B00084F89C32C5E7022380F89C324560294616
:10B5C000FFF7B3FC204600F054FABAE7204600F03B
:10B5D00050FAB6E700F04DFA0025B2E748BC002467
:10B5E00008B5CB88012B0BD190F89C32DBB2022B33
:10B5F00009D9032B11D10122011D00F00EFA01E03F
:10B60000FFF77FFE08BD5BB23BB10146002341F866
:10B61000083F012200F001FAF4E7FFF772FEF1E7BC
:10B6200008B590F89C32013B022B12D8CB88022B34
:10B630000CD10123C360D0F8A4320BB10323C36043
:10B64000022200F10C0100F0E8F908BDFFF759FEF5
:10B65000FBE7FFF756FEF8E708B54B88012B04D04F
:10B66000022B07D0FFF74DFE08BDC0F8A43200F052
:10B6700000FAF9E78B881B0A80F8A03200F0F9F98C
:10B68000F2E708B590F89C32013B022B09D84B88B1
:10B69000012B00D008BD0023C0F8A43200F0E9F966
:10B6A000F8E7FFF72EFEF5E738B50C7804F06004F4
:10B6B000202C06D0402C04D06CB1FFF722FE0024D1
:10B6C00007E0D0F8D432AE3350F823309B68984767
:10B6D0000446204638BD4D78092D1DD8DFE805F019
:10B6E00012191C161C08051C0F0BFFF714FEF0E7BF
:10B6F000FFF7E7FEEDE7FFF70DFF0446E9E7FFF789
:10B700006FFFE6E7FFF78CFF2C46E2E7FFF7A4FFA9
:10B71000DFE7FFF7B6FFDCE7FFF7F3FDD9E770B52A
:10B7200005460C460B7803F06003202B07D0402B16
:10B7300005D023B1FFF7E5FD0026304670BD95F832
:10B740009C32013B022B26D82179012905D92146BB
:10B750002846FFF7D6FD0026EFE72846FFF7BCFC9A
:10B7600068B900F1AE0255F82220916889B1C5F898
:10B77000D4029368214628469847064600E00326EF
:10B78000E388002BD9D1002ED7D1284600F071F9DB
:10B79000D3E70326F4E721462846FFF7B2FD00264B
:10B7A000CBE72DE9F04106460D468B88DFB20C78D9
:10B7B00004F06004202C08D0402C06D0DCB1FFF748
:10B7C000A0FD00242046BDE8F08139463046FFF751
:10B7D00085FC0446002840F0F980C6F8D40200F148
:10B7E000AE0356F823309B68002BEBD02946304639
:10B7F00098470446E6E791F80180B8F1010F31D08F
:10B80000B8F1030F05D0B8F1000F66D0FFF779FD4E
:10B81000D8E790F89C32DBB2022B04D0032B11D076
:10B82000FFF76FFDCEE7002F18BF802F07D03946F6
:10B8300002F054F98021304602F050F9C2E7FFF7D8
:10B8400060FDBFE74B882BB9002F18BF802F01D0B8
:10B85000CB881BB1304600F00CF9B3E7394602F053
:10B860003DF9F7E790F89C32DBB2022B04D0032BB2
:10B8700011D0FFF746FDA5E7002F18BF802F07D096
:10B88000394602F02BF98021304602F027F999E77A
:10B89000FFF737FD96E74B88002B93D117F07F0F0A
:10B8A00017D1304600F0E5F839463046FFF716FC70
:10B8B000002887D1C6F8D40200F1AE0256F8222043
:10B8C0009268002A00F0848029463046904704465A
:10B8D00078E7394602F00AF9E3E790F89C22D2B201
:10B8E000022A05D0032A28D0FFF70BFD444669E75A
:10B8F000002F18BF802F13D113F0800F14D107F041
:10B900007F0707EB8707B90001F5A87101440431EF
:10B9100000230B600222304600F07FF8444651E7D6
:10B92000FFF7EFFC44464DE707F07F0707EB87077B
:10B93000B900103101440431EAE75BB2002B20DB8F
:10B9400007F00F0202EB820200EB8202B2F86421E0
:10B9500022B3002B26DB07F07F0303EB83039C005D
:10B9600004F5A87434440434802F18BF002F22D16A
:10B970000023236002222146304600F04EF8444660
:10B9800020E707F00F0202EB820200EB8202928CAA
:10B99000002ADED1FFF7B5FC444613E7FFF7B1FC00
:10B9A00044460FE707F07F0303EB83039C0010344A
:10B9B00034440434D8E73946304602F049F810B12F
:10B9C00001232360D6E700232360D3E70024F9E6B0
:10B9D0000446F7E600B370B50D4616460446FFF779
:10B9E00072FC01304300B3F5007F06D89BB2338070
:10B9F0002B7003236B7002230AE04FF40073F6E709
:10BA0000EA5401345A1CD2B20021A9540233DBB2E9
:10BA10002278002AF4D170BD704708B5134602227F
:10BA2000C0F894228361C3610A46002102F06EF8D7
:10BA3000002008BD08B513460A46002102F066F84A
:10BA4000002008BD08B513460322C0F89422C0F8B0
:10BA50005831C0F85C310A46002102F05FF800203E
:10BA600008BD08B513460A46002102F057F8002029
:10BA700008BD08B50422C0F8942200231A461946CE
:10BA800002F044F8002008BD08B50522C0F8942251
:10BA900000231A46194602F041F8002008BD842808
:10BAA00001D0033070470020704708B501F0C6F898
:10BAB000002008BD2DE9F04387B00E464469C4B1AB
:10BAC0008569B5B14768D0F80080D0F81090B0F91A
:10BAD0000800FFF7E4FF02950194009033464A46C0
:10BAE0004146384601F03CF80590059807B0BDE89E
:10BAF000F083446805680769B0F90800FFF7CFFFD5
:10BB000005AB019300903346BAB22946204601F0B6
:10BB100062F80128E9D00020E8E708B500B9012063
:10BB200001F0EEF9002008BD00F1080343604FF07A
:10BB3000FF328260C360036100230360704700230B
:10BB40000361704743684B609A688A6051609960EE
:10BB50000861036801330360704730B40D68B5F1C4
:10BB6000FF3F11D000F108031C465B681A68AA4227
:10BB7000FAD963684B6099608C6061600861036802
:10BB80000133036030BC70470469F2E70369416820
:10BB900082688A60416851605A68824206D00022F9
:10BBA00002611A68013A1A601868704782685A6020
:10BBB000F5E7000082B0002301930D4B1B68B3F141
:10BBC000FF3F08D04FF0500383F31188BFF36F8F0E
:10BBD000BFF34F8FFEE74FF0500383F31188BFF39D
:10BBE0006F8FBFF34F8F019B002BFCD002B07047CB
:10BBF000A800002408480068006880F308884FF017
:10BC0000000080F3148862B661B6BFF34F8FBFF3B4
:10BC10006F8F00DF00BF000008ED00E0DFF80C00D0
:10BC2000016841F4700101607047000088ED00E098
:10BC30004FF0807340F8043C21F0010140F8081CEB
:10BC4000054B40F80C3C40F8202C6FF0020340F804
:10BC5000243C4438704700BFB5BB0008000000001A
:10BC6000074B19680868B0E8F04F80F30988BFF304
:10BC70006F8F4FF0000080F311887047AFF30080A2
:10BC8000DCF900244FF0500383F31188BFF36F8F6A
:10BC9000BFF34F8F0B4A136801331360012B00D0A1
:10BCA00070474FF0E023D3F8043D13F0FF0FF7D0B7
:10BCB0004FF0500383F31188BFF36F8FBFF34F8FA3
:10BCC000FEE700BFA8000024094B1B6843B94FF0F2
:10BCD000500383F31188BFF36F8FBFF34F8FFEE7DD
:10BCE000013B034A13600BB983F31188704700BF0F
:10BCF000A800002400000000000000000000000078
:10BD0000EFF30980BFF36F8F154B1A681EF0100F09
:10BD100008BF20ED108A20E9F04F10602DE90900DE
:10BD20004FF0500080F31188BFF34F8FBFF36F8F38
:10BD300001F00CF94FF0000080F3118809BC19687C
:10BD40000868B0E8F04F1EF0100F08BFB0EC108A82
:10BD500080F30988BFF36F8F704700BFAFF3008097
:10BD6000DCF9002408B54FF0500383F31188BFF3CA
:10BD70006F8FBFF34F8F00F0BBFF28B14FF0E02370
:10BD80004FF08052C3F8042D002383F3118808BDBF
:10BD90004FF0E022002313619361054B1B680549B6
:10BDA000A1FB03139B09013B5361072313617047F8
:10BDB00014000024D34D62104FF0E023D3F8002D7F
:10BDC0003D4B9A421CD04FF0E023D3F8002D3B4B63
:10BDD0009A421ED030B583B0394B1A78D2B2019254
:10BDE000FF221A701B78DBB28DF803309DF8033008
:10BDF00003F05003334A1370334B07221A601BE0E1
:10BE00004FF0500383F31188BFF36F8FBFF34F8F51
:10BE1000FEE74FF0500383F31188BFF36F8FBFF33A
:10BE20004F8FFEE7284A1368013B13609DF80330EB
:10BE30005B00DBB28DF803309DF8033013F0800F08
:10BE4000F0D1214B1B68032B08D04FF0500383F334
:10BE50001188BFF36F8FBFF34F8FFEE71B021A4AA3
:10BE6000136003F4E0631360019BDBB2144A1370A8
:10BE70004FF0E024D4F8203D43F47003C4F8203D93
:10BE8000D4F8203D43F07043C4F8203DFFF780FF15
:10BE900000250E4B1D60FFF7C1FED4F8343F43F080
:10BEA0004043C4F8343FFFF7A5FE01F04FF8FFF719
:10BEB00081FE284603B030BD71C20F4170C20F41F0
:10BEC00000E400E050BC00244CBC0024A800002486
:10BED000EFF305830F2B0FD9114A9B5CDBB2114A9C
:10BEE00012789A4208D94FF0500383F31188BFF3B8
:10BEF0006F8FBFF34F8FFEE74FF0E023D3F80C3D79
:10BF000003F4E063084A1268934208D94FF05003E3
:10BF100083F31188BFF36F8FBFF34F8FFEE7704736
:10BF2000F0E300E050BC00244CBC0024124A12F0A4
:10BF3000070F1ED0D11D21F00701C1F57053134426
:10BF40000A460E480260002141601344083B23F07A
:10BF500007030B48036059601960991A5160136018
:10BF6000084B1960084B1960084B4FF000421A60EB
:10BF700070474FF47053E4E774BC00246CBC002499
:10BF800068BC002460BC002464BC002454BC0024B1
:10BF9000164B1A461B688342FBD3516802EB010C17
:10BFA000844509D0416800EB010C634509D003606A
:10BFB000904219D0106070474068014451601046AB
:10BFC000F0E710B40A4C2468A3420BD05B68194414
:10BFD000416013681B680360904200D010605DF8F8
:10BFE000044B70470460F7E7704700BF6CBC002447
:10BFF00068BC002438B5044600F06CFE384B1B6862
:10C00000B3B1384B1B681C4250D1002C50D004F106
:10C01000080214F0070F02D022F007020832002AAB
:10C0200055D0314B1B68934253D330490C6804E020
:10C03000FFF77CFFE5E721461C466368934202D286
:10C040002368002BF7D1264B1B68A34243D00D6811
:10C05000083523680B6063689B1A102B10D9A01851
:10C0600010F0070F08D04FF0500383F31188BFF38F
:10C070006F8FBFF34F8FFEE743606260FFF788FF6B
:10C08000626819490B689B1A0B60194909688B4251
:10C0900001D217490B60134B1B68134363600023E5
:10C0A0002360144A13680133136002E0002500E0A6
:10C0B000002500F0A9FE15F0070F0ED04FF0500339
:10C0C00083F31188BFF36F8FBFF34F8FFEE7002517
:10C0D000EFE70025EDE70025EBE7284638BD00BF78
:10C0E00068BC002454BC002464BC00246CBC002444
:10C0F00060BC00245CBC0024002834D038B5044661
:10C10000A0F1080550F8043C174A1268134208D100
:10C110004FF0500383F31188BFF36F8FBFF34F8F3E
:10C12000FEE750F8081C41B14FF0500383F311882B
:10C13000BFF36F8FBFF34F8FFEE723EA020340F890
:10C14000043C00F0C7FD54F8041C084A13680B4473
:10C1500013602846FFF71CFF054A1368013313607C
:10C1600000F052FE38BD704754BC002464BC00246B
:10C1700058BC002410B50446FFF784FDA26BE36BA6
:10C180009A4204D00024FFF79FFD204610BD0124F1
:10C19000F9E710B50446FFF775FDA36B23B9012439
:10C1A000FFF792FD204610BD0024F9E770B5044664
:10C1B0001546866B026C5AB903681BB10020013624
:10C1C000A66370BD806800F0EBFF0023A360F6E774
:10C1D0006DB94068F4F7A4F96368226C1344636096
:10C1E000A268934219D3236863602846E7E7C068D2
:10C1F000F4F796F9E368226C51429B1AE3602268D7
:10C20000934202D2A3680B44E360022D01D00020C8
:10C21000D5E726B1013E0020D1E72846CFE7002030
:10C22000CDE70346026C6AB110B50846D9681144DF
:10C23000D9609C68A14201D31968D960D968F4F724
:10C240006FF910BD704738B50546FFF71BFD95F82F
:10C25000454064B201E0013C64B2002C0ADD6B6A27
:10C2600043B105F1240000F0F1FE0028F3D000F006
:10C2700081FFF0E7FF2385F84530FFF725FDFFF745
:10C2800001FD95F8444064B201E0013C64B2002C29
:10C290000ADD2B6943B105F1100000F0D7FE00283C
:10C2A000F3D000F067FFF0E7FF2385F84430FFF795
:10C2B0000BFD38BD38B5E0B10D460446FFF7E2FC92
:10C2C0002368E26B216C01FB0230A0600020A063B8
:10C2D0006360013A02FB0133E360FF2384F84430DA
:10C2E00084F84530FDB9236963B9FFF7EDFC0120FF
:10C2F00038BD4FF0500383F31188BFF36F8FBFF346
:10C300004F8FFEE704F1100000F0A0FE0028ECD0F3
:10C310004FF0E0234FF08052C3F8042DBFF34F8F4E
:10C32000BFF36F8FE1E704F11000FFF7FDFB04F1AD
:10C330002400FFF7F9FBD8E738B51D46049C0B46EF
:10C3400049B92460E063236401212046FFF7B2FF6E
:10C3500084F84C5038BD2260F4E740B94FF05003E8
:10C3600083F31188BFF36F8FBFF34F8FFEE710B5D4
:10C3700084B01C4683B10B1E18BF0123002A08BFDE
:10C3800043F001038BB94FF0500383F31188BFF3DF
:10C390006F8FBFF34F8FFEE74FF0500383F3118889
:10C3A000BFF36F8FBFF34F8FFEE7B1FA81F35B09E5
:10C3B000002A18BF43F0010343B94FF0500383F341
:10C3C0001188BFF36F8FBFF34F8FFEE750230393A6
:10C3D000039B502B08D04FF0500383F31188BFF319
:10C3E0006F8FBFF34F8FFEE7039B012384F8463026
:10C3F00000949DF81830FFF79FFF204604B010BD51
:10C40000F0B585B0019288B10F461D460446B1B122
:10C41000022D20D1E36B012B1DD04FF0500383F38D
:10C420001188BFF36F8FBFF34F8FFEE74FF05003BC
:10C4300083F31188BFF36F8FBFF34F8FFEE7036C59
:10C44000002BE5D04FF0500383F31188BFF36F8FBB
:10C45000BFF34F8FFEE700F093FE064658B9019BED
:10C46000002B48D04FF0500383F31188BFF36F8F38
:10C47000BFF34F8FFEE700263DE02A4639462046AF
:10C48000FFF794FE636A7BB948B14FF0E0234FF0A9
:10C490008052C3F8042DBFF34F8FBFF36F8FFFF7A8
:10C4A00013FC012005B0F0BD04F1240000F0CEFD26
:10C4B0000028F4D04FF0E0234FF08052C3F8042D51
:10C4C000BFF34F8FBFF36F8FE9E7FFF7FDFB00204E
:10C4D000E8E702A800F000FE012619E0002384F836
:10C4E000443021E0002384F8453023E02046FFF764
:10C4F000AAFE00F089FCFFF7C5FBA26BE36B9A4232
:10C50000BBD3022DB9D0019B002BDED0002EE0D092
:10C51000FFF7DAFB00F0DEFBFFF7B4FB94F84420F2
:10C5200052B2B2F1FF3FD9D094F8452052B2B2F1E5
:10C53000FF3FD7D0FFF7C8FB01A902A800F0D8FD44
:10C54000D8B92046FFF716FE0028CFD0019904F194
:10C55000100000F047FD2046FFF775FE00F054FC88
:10C560000028C8D14FF0E0234FF08052C3F8042DCB
:10C57000BFF34F8FBFF36F8FBDE72046FFF763FE1A
:10C5800000F042FC00208DE72DE9F84390B10F4602
:10C5900016461C460546B1B1022C20D1EB6B012B8F
:10C5A0001DD04FF0500383F31188BFF36F8FBFF39B
:10C5B0004F8FFEE74FF0500383F31188BFF36F8F67
:10C5C000BFF34F8FFEE7036C002BE5D04FF0500315
:10C5D00083F31188BFF36F8FBFF34F8FFEE7FFF731
:10C5E00077FCEFF311884FF0500383F31188BFF30A
:10C5F0006F8FBFF34F8FAA6BEB6B9A4206D3022C5F
:10C6000004D0002088F31188BDE8F88395F84590A0
:10C610004FFA89F9AB6B224639462846FFF7C6FD2B
:10C62000B9F1FF3F06D009F101035BB285F845304F
:10C630000120E7E76B6A0BB90120E3E705F124006D
:10C6400000F004FD18B126B101203060DAE70120C6
:10C65000D8E70120D6E7F0B585B0019290B10F463A
:10C660000446C1B100F08CFD064600BB019B002BC7
:10C670005ED04FF0500383F31188BFF36F8FBFF389
:10C680004F8FFEE74FF0500383F31188BFF36F8F96
:10C69000BFF34F8FFEE7036C002BE3D04FF0500346
:10C6A00083F31188BFF36F8FBFF34F8FFEE7002630
:10C6B0003EE039462046FFF7B4FD013DA5632369FE
:10C6C00023B9FFF701FB012005B0F0BD04F1100014
:10C6D00000F0BCFC0028F4D04FF0E0234FF0805273
:10C6E000C3F8042DBFF34F8FBFF36F8FE9E7FFF758
:10C6F000EBFA0020E8E702A800F0EEFC012621E0BA
:10C70000002384F8443029E0002384F845302BE0EE
:10C710002046FFF798FD00F077FB09E02046FFF781
:10C7200092FD00F071FB2046FFF733FD00283FD15A
:10C73000FFF7A8FAA56B002DBBD1019B002BD6D02B
:10C74000002ED8D0FFF7C0FA00F0C4FAFFF79AFA2B
:10C7500094F844305BB2B3F1FF3FD1D094F8453048
:10C760005BB2B3F1FF3FCFD0FFF7AEFA01A902A849
:10C7700000F0BEFC0028D1D12046FFF70AFD0028BA
:10C78000C6D0019904F1240000F02CFC2046FFF7EC
:10C790005AFD00F039FB0028CAD14FF0E0234FF0DA
:10C7A0008052C3F8042DBFF34F8FBFF36F8FBFE7E5
:10C7B000002089E70023072B0CD8074A52F83320C2
:10C7C0000AB10133F7E7044A42F8331002EBC3021F
:10C7D00050607047704700BF74F8002470B504467D
:10C7E0000D461646FFF74EFA94F844305BB2B3F1AB
:10C7F000FF3F0DD094F845305BB2B3F1FF3F0BD053
:10C80000FFF762FAA36B5BB12046FFF71CFD70BD1A
:10C81000002384F84430EDE7002384F84530EFE747
:10C820003246294604F1240000F0F4FBECE7000056
:10C83000084B1B681B6823B9074B4FF0FF321A6087
:10C840007047044B1B68DB68DB685A68024B1A6050
:10C85000704700BF24F90024BCF800242DE9F047FC
:10C8600080460D4617469946089EDDF824A00A9C8E
:10C870009200A521206B01F0B7FA236B6FF04042C4
:10C880003A4403EB820727F00707A5B34FF0000CEB
:10C89000BCF10F0F09D815F80C3004EB0C0282F82C
:10C8A000343013B10CF1010CF2E7002384F843306B
:10C8B000062E00D90626E662E66400252565201DC1
:10C8C000FFF73DF904F11800FFF739F92461C6F1CB
:10C8D0000706A6616462656584F858504A46414679
:10C8E0003846FFF7A5F92060BAF1000F01D0CAF869
:10C8F0000040BDE8F087002384F83430D8E700001A
:10C9000038B5002407E004EB840293000E48184475
:10C91000FFF70AF90134062CF5D90C4D2846FFF72C
:10C9200003F90B4C2046FFF7FFF80A48FFF7FCF825
:10C930000948FFF7F9F80948FFF7F6F8084B1D60BA
:10C94000084B1C6038BD00BF50F900243CF900249E
:10C9500028F900240CF90024F8F80024E0F8002459
:10C9600024F9002420F9002410B50446FFF78AF9C1
:10C97000224A136801331360214B1B685BB1214BC2
:10C980001B686BB91E4B1B68DA6AE36A9A4207D8C8
:10C990001B4B1C6004E01A4B1C601368012B29D050
:10C9A000194A1368013313606364E06A012383400A
:10C9B000164A11680B43136000EB8000211D144BD5
:10C9C00003EB8000FFF7BEF8FFF77EF90D4B1B6805
:10C9D0007BB10B4B1B68DA6AE36A9A4209D24FF0CB
:10C9E000E0234FF08052C3F8042DBFF34F8FBFF305
:10C9F0006F8F10BDFFF784FFD2E700BFDCF8002483
:10CA0000DCF90024D0F80024C0F80024D4F8002475
:10CA100050F9002410B5044690F8593063B1012B49
:10CA200011D0022B0ED04FF0500383F31188BFF3C7
:10CA30006F8FBFF34F8FFEE7006BFFF75DFB204664
:10CA4000FFF75AFB10BDFFF757FBFBE70F4B1B68C7
:10CA5000D3B110B5FFF716F90D4BDB68DC68201D6C
:10CA6000FFF794F80B4A1368013B1360074A1368F9
:10CA7000013B1360FFF728F92046FFF7CBFF034B7C
:10CA80001B68002BE6D110BD704700BFF4F80024EE
:10CA9000F8F80024DCF8002408B5FFF7D7FF074BAF
:10CAA0001B68012BF9D94FF0E0234FF08052C3F8F7
:10CAB000042DBFF34F8FBFF36F8FEEE750F90024C3
:10CAC00070B504460D461F4B1E681F4B1868043096
:10CAD000FFF75CF848B91C4B1B68DB6A01229A40DF
:10CAE0001A490B6823EA02030B60B4F1FF3F14BF3D
:10CAF00000230123002D08BF00236BB93444124BDF
:10CB00001B685C60A6420ED9114B18680E4B196861
:10CB10000431FFF722F870BD0B4B196804310D4842
:10CB2000FFF710F8F7E70C4B1868074B196804314A
:10CB3000FFF713F8094B1B68A342ECD9074B1C60A5
:10CB4000E9E700BFD8F80024DCF90024D4F8002479
:10CB500020F90024E0F8002424F90024BCF8002483
:10CB600030B587B00B9C7CB10C9DB5B15C250495AC
:10CB7000049D5C2D1AD04FF0500383F31188BFF34E
:10CB80006F8FBFF34F8FFEE74FF0500383F3118891
:10CB9000BFF36F8FBFF34F8FFEE74FF0500383F368
:10CBA0001188BFF36F8FBFF34F8FFEE7049D0C9D7D
:10CBB0002C63022485F8594000240394029505ACA7
:10CBC00001940A9C0094FFF749FE0C98FFF7CCFEF5
:10CBD000059807B030BD2DE9F04385B0074688467B
:10CBE00014461E469000FFF705FA08B381465C2004
:10CBF000FFF700FA0546A8B1C0F83090002380F88E
:10CC00005930039302900D9B01930C9B0093334684
:10CC1000224641463846FFF721FE2846FFF7A4FE8C
:10CC2000012007E04846FFF767FA4FF0FF3001E0C8
:10CC30004FF0FF3005B0BDE8F083000010B588B0BC
:10CC400000240594069407AA06A905A8F5F714FC84
:10CC5000059B0293069B019300942346079A17496C
:10CC60001748FFF77DFF174B1860C0B100F060FB5D
:10CC7000012815D14FF0500383F31188BFF36F8F54
:10CC8000BFF34F8F104B4FF0FF321A600F4B012252
:10CC90001A600F4B00221A60FFF78EF803E00020A5
:10CCA000B0F1FF3F01D008B010BD4FF0500383F347
:10CCB0001188BFF36F8FBFF34F8FFEE71CE70008AB
:10CCC00099CA0008B8F80024BCF80024D0F8002461
:10CCD000D8F80024024A136801331360704700BF7C
:10CCE000B4F80024014B1868704700BFD8F800243E
:10CCF000F8B53A4B1B68002B69D1394B1D680135DB
:10CD00001D60C5B9374B1B681B6843B14FF050031A
:10CD100083F31188BFF36F8FBFF34F8FFEE7314A64
:10CD20001168314B186810601960304A136801337C
:10CD30001360FFF77DFD2E4B1B68AB423DD90027EA
:10CD40002C4B1B68DB6A03EB83039A002A4B9B582E
:10CD5000012B00D90127294B1B68002B3CD0012750
:10CD60003AE001271F4B1B681B6843B31D4B1B6830
:10CD7000DB68DC6863689D4226D3261D3046FEF7DB
:10CD800005FFA36A1BB104F11800FEF7FFFEE36A7A
:10CD900001229A401A49086802430A6003EB8303A0
:10CDA0009A00314614481044FEF7CCFEE26A114B5B
:10CDB0001B68DB6A9A42D4D2D4E70027D2E70C4B37
:10CDC0004FF0FF321A60BBE7094A1360B8E70D4A1B
:10CDD00013680133136000273846F8BDB4F8002407
:10CDE000D8F8002424F9002420F90024C4F80024F1
:10CDF000BCF80024DCF9002450F90024C8F8002411
:10CE0000D4F80024CCF8002438B5354B1B6843B95E
:10CE10004FF0500383F31188BFF36F8FBFF34F8F31
:10CE2000FEE7FEF72FFF2E4B1A68013A1A601B68C7
:10CE3000002B4FD12B4B1B680BB900244BE0002477
:10CE4000294B1B681BB3284BDB68DC6804F1180016
:10CE5000FEF79CFE251D2846FEF798FEE06A01239A
:10CE60008340224A11680B43136000EB800029467F
:10CE70001F4B03EB8000FEF765FEE26A1D4B1B684B
:10CE8000DB6A9A42DCD31C4B01221A60D8E70CB152
:10CE9000FFF7CEFC194B1C6884B9174B1C68D4B142
:10CEA0004FF0E0234FF08052C3F8042DBFF34F8FB3
:10CEB000BFF36F8F01240EE0013C07D0FFF718FF8E
:10CEC0000028F9D00C4B01221A60F5E70B4B002229
:10CED0001A60E2E70024FEF7F7FE204638BD00BFE7
:10CEE000B4F80024DCF800240CF90024D4F8002461
:10CEF00050F90024DCF90024C8F80024CCF8002400
:10CF000010B5A8B10446104B1B6843B14FF0500355
:10CF100083F31188BFF36F8FBFF34F8FFEE7FFF7E7
:10CF2000D9FE00212046FFF7CBFDFFF76DFF48B982
:10CF30004FF0E0234FF08052C3F8042DBFF34F8F22
:10CF4000BFF36F8F10BD00BFB4F80024204B1B68E7
:10CF50001BB1204B01221A6070471E4B00221A6041
:10CF60001D4B1B68B3FA83F3DBB2C3F11F0303EB62
:10CF700083018A0019498A5842B94FF0500383F35C
:10CF80001188BFF36F8FBFF34F8FFEE7134803EB9A
:10CF900083018A00024451684968516003EB830CA5
:10CFA0004FEA8C0208320244914209D003EB83031A
:10CFB0009A000A4B13445B68DA68094B1A607047A1
:10CFC000486862469100054A0A445060EEE700BF97
:10CFD000B4F80024C8F80024D4F8002450F9002440
:10CFE000DCF9002458B110B50C46094A1168183113
:10CFF000FEF7B3FD01212046FFF762FD10BD4FF0A3
:10D00000500383F31188BFF36F8FBFF34F8FFEE799
:10D01000DCF9002438B570B10D4614460A4A11688F
:10D020001831FEF78FFD0CB14FF0FF352146284631
:10D03000FFF746FD38BD4FF0500383F31188BFF36F
:10D040006F8FBFF34F8FFEE7DCF9002438B5C3685C
:10D05000DC6824B304F118052846FEF797FD184B49
:10D060001B682BBB251D2846FEF790FDE06A0123B7
:10D070008340144A11680B43136000EB800029467B
:10D08000114B03EB8000FEF75DFDE26A0F4B1B685E
:10D09000DB6A9A4211D901200D4B186038BD4FF060
:10D0A000500383F31188BFF36F8FBFF34F8FFEE7F9
:10D0B00029460848FEF746FDE7E70020EEE700BFF7
:10D0C000B4F80024D4F8002450F90024DCF900243A
:10D0D000C8F800240CF90024034B1B680360034BC1
:10D0E0001B684360704700BFC4F80024D8F80024D0
:10D0F000F8B5C8B10C460546F9B1FEF7C3FD1B4BA8
:10D1000019686B68C81A2268B2F1FF3F26D0184E22
:10D1100036682F68B74201D08B4224D9824215D895
:10D120000023236001241AE04FF0500383F3118899
:10D13000BFF36F8FBFF34F8FFEE74FF0500383F3C2
:10D140001188BFF36F8FBFF34F8FFEE75B1A134455
:10D1500023602846FFF7C0FF002400E00024FEF70C
:10D16000B3FD2046F8BD0124F9E700BFD8F800243C
:10D17000C4F80024014B01221A607047C8F800244B
:10D18000054B1B6833B1054B1B680BB10020704782
:10D190000220704701207047D0F80024B4F8002422
:10D1A00000284BD038B50446264B1B68834208D074
:10D1B0004FF0500383F31188BFF36F8FBFF34F8F8E
:10D1C000FEE7036D43B94FF0500383F31188BFF3BB
:10D1D0006F8FBFF34F8FFEE7013B0365C16AC26CDF
:10D1E00091422DD00BB1002038BD051D2846FEF719
:10D1F000CDFC68B9E36A03EB8302920012498A58B6
:10D2000032B901229A4011490B6823EA02030B60EC
:10D21000E06CE062C0F10703A361012404FA00F3AB
:10D220000A4A11680B43136000EB80002946064B45
:10D2300003EB8000FEF786FC2046D5E70020704710
:10D240000020D1E7DCF9002450F90024D4F80024B0
:10D25000064B1A6813682BB90123036023B9D368FE
:10D26000186870470023F8E700207047B8FA0024D8
:10D2700008B54160006191420CD8D21A83699A4284
:10D2800001D3012008BD011D0B4B1868FEF765FC9A
:10D290000020F7E79A422CBF00220122994238BFB2
:10D2A00000220AB10120EDE7011D044B1868FEF7CA
:10D2B00054FC0020E6E700BFB4FA0024B8FA0024CA
:10D2C00030B583B0FEF7DEFC114B1B681BB1FEF7D7
:10D2D000FBFC03B030BD0F4D2846FEF725FC0E4C7D
:10D2E0002046FEF721FC0D4B1D600D4B1C600023FA
:10D2F00000930C4B0C4A0C210A20FFF72EF8044B2C
:10D3000018600028E3D00949FFF754FADFE700BFAF
:10D31000B0FA0024D0FA0024BCFA0024B8FA0024A1
:10D32000B4FA0024E0F9002430FA002424E70008CD
:10D3300010B588B0FFF7C4FF124B1B68CBB10024B7
:10D340000594069407AA06A905A8F5F7A1F8059B78
:10D350000293069B0193022300932346079A0A49EE
:10D360000A48FFF7FDFB0A4B186010B1012008B016
:10D3700010BD4FF0500383F31188BFF36F8FBFF3DD
:10D380004F8FFEE7B0FA00242CE7000889D600088A
:10D39000ACFA0024B8B19C4603461848006858B35C
:10D3A00000B585B001910292039305291CDCFFF7BB
:10D3B000E7FE022810D000231A4601A90F48006892
:10D3C000FFF71EF815E04FF0500383F31188BFF309
:10D3D0006F8FBFF34F8FFEE70023069A01A907481E
:10D3E0000068FFF70DF804E00023624601A9FFF78B
:10D3F000CBF805B05DF804FB00207047B0FA0024BC
:10D4000070B582B01B4B1B681A6862B3DB681E687C
:10D41000DC68251D2846FEF7B9FB236A204698479D
:10D4200094F8283013F0040FECD0A36933449E42E3
:10D4300007D26360246129460E4B1868FEF78DFB06
:10D44000E0E7002100910B4632462046FFF7A2FF9D
:10D450000028D7D14FF0500383F31188BFF36F8FAB
:10D46000BFF34F8FFEE7044A10680249086013605B
:10D4700002B070BDB8FA0024B4FA002438B50546ED
:10D48000FFF730FC0446074B1B68834205D8002396
:10D490002B60044B1C60204638BDFFF7B1FF012311
:10D4A0002B60F6E7A8FA002470B582B006460D4658
:10D4B00017490968C968CC68201DFEF767FB94F816
:10D4C00028C01CF0040F08D12CF0010C84F828C0EF
:10D4D000236A2046984702B070BDA16933462A46A8
:10D4E00031442046FFF7C4FE0028F1D0002100910E
:10D4F0000B4632462046FFF74DFF0028E8D14FF09B
:10D50000500383F31188BFF36F8FBFF34F8FFEE794
:10D51000B8FA002470B582B006460C46FFF7DAFB75
:10D5200001A8FFF7ABFF019B3BBB0546B04228BFFC
:10D53000002C19D024B1134A12681268DAB90124F8
:10D540002246711B104B1868FFF748F9FFF75CFC87
:10D55000A8B94FF0E0234FF08052C3F8042DBFF379
:10D560004F8FBFF36F8F0AE0FFF74EFC294630461E
:10D57000FFF79AFF03E01C46E2E7FFF745FC02B025
:10D5800070BD00BFB4FA0024B0FA002410B586B014
:10D59000002203A93B4B1868FFF75DF800286ED006
:10D5A000039B002BF4DB059C636913B1201DFEF780
:10D5B000EDFA02A8FFF762FF039B092BE8D8DFE82A
:10D5C00003F00505053037500505303794F828304D
:10D5D00043F0010384F82830049BA16902461944F2
:10D5E0002046FFF745FE0028D2D0236A2046984700
:10D5F00094F8283013F0040FCAD0A26900210091DA
:10D600000B46049802442046FFF7C4FE0028BFD111
:10D610004FF0500383F31188BFF36F8FBFF34F8F29
:10D62000FEE794F8283023F0010384F82830AFE7B0
:10D6300094F8283043F0010384F828300499A1615C
:10D6400031B10346024601442046FFF711FE9FE731
:10D650004FF0500383F31188BFF36F8FBFF34F8FE9
:10D66000FEE794F8283013F0020F04D023F00103F2
:10D6700084F828308CE72046FEF73EFD88E706B0A8
:10D6800010BD00BFB0FA002400B583B001A8FFF7B9
:10D69000DFFD0199FFF73EFFFFF778FFF6E7000097
:10D6A00008B5012210491148FDF7FBFB80B910496C
:10D6B0000E48FDF70DFC70B90E490C48FDF7B0FBA4
:10D6C00060B90A48FDF724FC58B9F8F7E1FC08BD39
:10D6D000F5F734F8EBE7F5F731F8EDE7F5F72EF865
:10D6E000EFE7F5F72BF8F0E7F4000024E4FA002464
:10D6F00064000024AC000024002070470020704724
:10D700000020704738B50446074D01462846FDF70E
:10D71000A0FB2846FDF7A9FB044B2068186022797E
:10D720001A71002038BD00BFE4FA0024C00D0124A6
:10D7300010B5064C002206492046FDF77CFB054942
:10D740002046FDF786FB002010BD00BFE4FA002450
:10D75000C0FD0024C005012412230B80004870473F
:10D76000E000002404230B8000487047DC00002404
:10D77000002393421ED200B510E00CF1370C01F8E3
:10D7800013C000014FEA430C0CF1010C4FF0000EE6
:10D7900001F80CE00133DBB2934209D24FEA107C6E
:10D7A000B0F1204FE9D20CF1300C01F813C0E8E7DA
:10D7B0005DF804FB7047000038B50B4BD3F8000848
:10D7C000D3F80448D3F80838C01800D138BD074D45
:10D7D00008222946FFF7CCFF042205F1100120465C
:10D7E000FFF7C6FFF2E700BF00E0F11FC200002410
:10D7F00008B51A230B80FFF7DFFF014808BD00BF03
:10D80000C000002408B50A4628B905490548FEF7B6
:10D81000E1F8034808BD02490248FEF7DBF8F8E7E3
:10D82000C80D012434E7000810B50A46034C214610
:10D830000348FEF7CFF8204610BD00BFC80D0124F5
:10D840004CE7000808B50A4628B905490548FEF71F
:10D85000C1F8034808BD02490248FEF7BBF8F8E7E3
:10D86000C80D012460E7000808B50A4628B9054933
:10D870000548FEF7AFF8034808BD02490248FEF725
:10D88000A9F8F8E7C80D01246CE7000810B5B0B09E
:10D890000446B822002102A800F0A6FA2268164B1E
:10D8A0009A4201D030B010BD4FF480220023CDE960
:10D8B00002234FF44013239302A8F9F7F3FAB8B9FF
:10D8C000F8F7E6FB0D4BD3F8D82042F00072C3F80E
:10D8D000D820D3F8D83003F000730193019B0022C5
:10D8E00005214D20F5F716FD4D20F5F723FDD9E76D
:10D8F000F4F724FFE4E700BF0000044000440258AE
:10D9000008B500F29C41D0F8E004FDF717FB08BD14
:10D9100008B501EBC10300EB8303D3F86022D0F814
:10D92000E004FDF7DDFB08BD08B501EBC10300EB2A
:10D9300083031A6AD0F8E004FDF734FC08BD08B58B
:10D94000D0F8E004FDF777FB08BD10B50446C179B7
:10D9500011B1022909D10121D4F8E004FDF74CFBF3
:10D96000D4F8E004FDF716FB10BDF4F7E7FE012143
:10D97000F2E7000010B50446D0F8E004FDF73FFBE5
:10D980002268D2F8003E43F00103C2F8003EE37A79
:10D9900023B1034A136943F00603136110BD00BFAE
:10D9A00000ED00E008B5D0F8E004FDF737FB08BD56
:10D9B00008B5D0F8E004FDF766FB08BD08B5D0F85F
:10D9C000E004FDF749FB08BD08B5D0F8E004FDF719
:10D9D00071FB08BD08B5D0F8E004FDF76DFB08BD8C
:10D9E0000378012B01D00020704710B5164BC3F807
:10D9F000E004C0F8C832154A1A6009221A710221DF
:10DA0000D97100229A7159729A72DA721A739A73E2
:10DA1000DA731A741846F7F707FD90B90A4C4FF4F9
:10DA200000712046F8F7EFFA802200212046F8F72F
:10DA3000C4FA4FF4BA7201212046F8F7BEFA00206A
:10DA400010BDF4F77BFEE9E7E81101240000044073
:10DA5000D0F8C83211F0800F08D101F07F0101EB3E
:10DA6000C10103EB810393F85602704701F07F0177
:10DA700001EBC10103EB8103987D704708B5D0F835
:10DA8000C802F7F7D5FE08BD00487047C80F01244B
:10DA90007047032805D8DFE800F0050402050120DF
:10DAA00070470320704708B5D0F8C802F7F73DFD6E
:10DAB000FFF7EFFF08BD08B594461A466346D0F855
:10DAC000C802F7F712FEFFF7E4FF08BD08B5D0F86B
:10DAD000C802F7F750FEFFF7DCFF08BD08B5D0F825
:10DAE000C802F7F7D3FEFFF7D4FF08BD08B5D0F89A
:10DAF000C802F7F70EFFFFF7CCFF08BD08B5D0F856
:10DB0000C802F7F7DFFDFFF7C4FF08BD08B5D0F87E
:10DB1000C802F7F796FEFFF7BCFF08BD08B5D0F8BE
:10DB2000C802F7F760FEFFF7B4FF08BD2DE9F04724
:10DB3000089D0E4604460F46002B4AD194468C455C
:10DB4000B2FA82F260D942B1C2F12003974020FAC2
:10DB500003F30CFA02FC1F4394404FEA1C4E1FFAD9
:10DB60008CF6B7FBFEF1230C0EFB117743EA07435B
:10DB700001FB06F098420AD91CEB030301F1FF37C1
:10DB800080F01581984240F21281023963441B1AD9
:10DB9000A4B2B3FBFEF00EFB103344EA034400FBD7
:10DBA00006F6A6420AD91CEB040400F1FF3380F00C
:10DBB0000081A64240F2FD806444023840EA014000
:10DBC000A41B00211DB1D4400023C5E90043BDE8DA
:10DBD000F0878B4205D90DB1C5E900010021084647
:10DBE000F5E7B3FA83F1002946D1B34202D382426A
:10DBF00000F2F580841A66EB030201201746002D1F
:10DC0000E5D0C5E90047E2E7002A40F09380A1EBA8
:10DC10000C034FEA1C471FFA8CFE0121B3FBF7F6F9
:10DC200007FB1630230C43EA00430EFB06F0984234
:10DC300008D91CEB030306F1FF3802D2984200F228
:10DC4000D08046461B1AA4B2B3FBF7F007FB103393
:10DC500044EA03440EFB00FEA64508D91CEB04046D
:10DC600000F1FF3302D2A64500F2B6801846A4EBBD
:10DC70000E0440EA0640A5E7C1F120078B4022FAD6
:10DC800007FC4CEA030C06FA01FE20FA07F426FA18
:10DC900007F344EA0E0400FA01F84FEA1C404FEA89
:10DCA0001449B3FBF0FE1FFA8CF600FB1E3349EA61
:10DCB00003430EFB06F9994502FA01F20BD91CEB5E
:10DCC00003030EF1FF3A80F08580994540F282808F
:10DCD000AEF1020E6344A3EB0909A4B2B9FBF0F361
:10DCE00000FB139944EA094403FB06F6A64208D94F
:10DCF0001CEB040403F1FF3068D2A64266D9023B54
:10DD0000644443EA0E40A41BA0FB02E6B4427346FF
:10DD1000B14652D34FD05DB1B8EB030264EB0904B6
:10DD200004FA07F722FA01F31F43CC40C5E9007457
:10DD300000214CE7C2F1200120FA01F30CFA02FCA9
:10DD400026FA01F1964033434FEA1C471FFA8CFE36
:10DD5000B1FBF7F007FB1016190C41EA064100FB76
:10DD60000EF68E4204FA02F408D91CEB010100F110
:10DD7000FF382DD28E422BD902386144891B9BB2C9
:10DD8000B1FBF7F607FB161143EA014306FB0EF160
:10DD9000994208D91CEB030306F1FF3814D29942CB
:10DDA00012D9023E63445B1A46EA004136E739461F
:10DDB000EDE6184602E7F045ADD2BEEB020366EB96
:10DDC0000C060138B146A6E74646ECE7034698E75D
:10DDD0004046D3E7D6467EE76444023847E7084624
:10DDE0000DE7023E63442DE7830730B547D0541E4C
:10DDF000002A3ED0CAB2034601E0013C39D303F801
:10DE0000012B9D07F9D1032C2CD9CDB205EB0525AB
:10DE10000F2C05EB054535D9A4F1100222F00F0CAB
:10DE200003F1100EE6444FEA121C1A46C2E90055EF
:10DE3000C2E9025510327245F8D10CF1010214F01A
:10DE40000C0F03EB021204F00F0C13D0ACF104031F
:10DE500023F003030433134442F8045B9342FBD1E1
:10DE60000CF003042CB1C9B21C4403F8011BA342FB
:10DE7000FBD130BD64461346002CF4D1F9E70346CC
:10DE80001446C0E71A46A446E0E700BF014B1868F5
:10DE9000704700BF1401002470B50F4B0F4DAB420B
:10DEA000A3EB050607D0B610002455F8043B013457
:10DEB0009847A642F9D800F039FB094D094B5E1B83
:10DEC000AB424FEAA60606D0002455F8043B0134C5
:10DED0009847A642F9D870BD0CE800080CE8000885
:10DEE0000CE8000814E80008704700BF704700BF46
:10DEF000024B13B1024800F005B870470000000063
:10DF000011DF0008002301461A46184600F014B835
:10DF100038B5074D074C2C1BA41005D0013C55F813
:10DF2000043D9847002CF9D1BDE8384000F004BB0F
:10DF300018E8000814E800082DE9F8431B4D0646D0
:10DF4000286898460F469146FFF7CEFF184B1C688D
:10DF50001CB3286865681F2D22DC4EB96B1C023586
:10DF6000636044F82570FFF7C1FF0020BDE8F88327
:10DF700004EB85010123C1F88890D4F88821AB40D7
:10DF80001A43022EC4F88821C1F80881E6D1D4F8DA
:10DF90008C211A43C4F88C21E0E7064C1C60D8E7BA
:10DFA000FFF7A4FF4FF0FF30E0E700BF5802002466
:10DFB000081801240C18012408B52DED028BB0EED1
:10DFC000408A00F035F8B4EE488AF1EE10FAF0EE2F
:10DFD000408A0AD6B0EE480A00F01CF8F7EE007A44
:10DFE000B4EEE70AF1EE10FA04DCB0EE680ABDEC1C
:10DFF000028B08BDFFF74AFFBDEC028B03462122CE
:10E000001A600248BDE8084000F00CB820E700089C
:10E0100000F00AB910EE103A23F0004300EE103A77
:10E02000704700BF9FED010A704700BF0000C07F2E
:10E0300038B510EE105A25F00044B4F17E5F2DED96
:10E04000048BF0EE407A7FD077D8B4F17C5F0ED2AB
:10E05000B4F1485F80F092809FED637A30EE077AEA
:10E06000F7EE006AB4EEE67AF1EE10FA62DCB0EE9A
:10E07000670AFFF7CFFFF7EE007A37EEC08AB6EEF9
:10E08000007A28EE078ADFED596A9FED597A9FEDF5
:10E09000596A9FED595ADFED595ADFED598AE8EE7A
:10E0A000076A9FED587AA8EE067A9FED576AA6EEAA
:10E0B000885AA7EE086A9FED557ADFED556AE5EEBE
:10E0C000085AA6EE087AE5EE886AE7EE087AE6EEE8
:10E0D000888AB0EE480AB0EE679A00F023FA4D4BFA
:10E0E0009C4268EE888A3AD810EE103A6FF30B0320
:10E0F00006EE903AA6EEE68A70EE267A88EE895A07
:10E10000C8EE274A9FED447ADFED447AB0EE006A0C
:10E11000A4EEC67A30EE000AF0EE675A90EE057A69
:10E12000E6EEC65A37EE657A37EEC70A002D01DCF7
:10E13000B1EE400ABDEC048B38BDBDEC048B70EE33
:10E14000407A87EEA70A38BDBDEC048B9FED320AFA
:10E150009FED337A27EE800AA7EE870A38BD88EE56
:10E16000896A9FED307ADFED2E7AA0EE060AF0EE96
:10E17000006AA0EE267A37EEC70AD7E720EE007ACB
:10E18000DFED1B6A9FED196ADFED1B5A9FED195AEF
:10E19000DFED1A4AA7EE266ABDEC048BE6EE075ABD
:10E1A000DFED186A9FED186AE7EE056AE5EE874A2B
:10E1B000A6EE876A9FED165ADFED145ADFED106A5E
:10E1C000A4EE875AE6EE075AE5EE076AB7EE006A54
:10E1D000A5EE876A26EE877AC7EE066AE0EE267A13
:10E1E000B0EE670A38BD00BFCAF24971047F4F3AEA
:10E1F00008EF11382EC69D3D461124BDA80A4E3E9B
:10E20000ABAA2A3E613330BF2D57014039D119C026
:10E2100090B0A6BE9999793F2EBD3BB3DB0F493F25
:10E22000DB0FC93F2EBD3B3310B582B0CDED010AE7
:10E23000019B23F00042B2F1FF4FF0EE407A30D85C
:10E2400010EE100A20F00041B1F1FF4F29D8B3F1D0
:10E250007E5F42D09C1704F0020444EAD07431B3CC
:10E260007AB3B2F1FF4F40D0B1F1FF4F29D0891AF4
:10E27000B1F1F45F4FEAE15234DA002B42DA3C327A
:10E2800040DA9FED340A012C4ED0022C43D064B109
:10E290009FED317ADFED317A30EE070A30EE670A12
:10E2A00003E09DED017A37EE270A02B010BD022C83
:10E2B00010D09FED2B7A032C08BFB0EE470A02B0B6
:10E2C00010BD9FED280ADFED287A0028A8BFB0EE28
:10E2D000670AEAE79FED210AE7E702B0BDE81040D0
:10E2E00000F04AB89FED200ACDE7B1F1FF4F04F1ED
:10E2F000FF3420D0022C26D81C4B03EB840393ED73
:10E30000000AD2E79DED017A87EE870AFFF782FEC9
:10E3100000F032F8B7E79FED107ADFED107A30EEBB
:10E32000070A37EEC00AC0E710EE103A03F10043C7
:10E3300000EE103AB9E7022C08D80D4B03EB84032A
:10E3400093ED000AB1E79FED030AAEE79FED090ADE
:10E35000ABE700BF000000002EBDBB33DB0F494020
:10E36000DB0F49C0DB0FC9BFDB0FC93FCCE700089B
:10E37000D8E70008DB0F493F38B510EE105A25F0FA
:10E380000044B4F1A14FF0EE407A0DD3B4F1FF4F49
:10E390005BD8DFED517A9FED517A002DCCBFB0EE06
:10E3A000470AB0EE670A38BD4D4B9C425CD8B4F1C9
:10E3B000445F4DD34FF0FF3327EEA76A9FED495AD4
:10E3C0009FED497ADFED495ADFED494A66EE066A6C
:10E3D0005A1CA6EE857AE6EEA54A9FED465ADFED79
:10E3E000465AA7EE265AE4EEA65A9FED447ADFED90
:10E3F000444AA5EE267AE5EEA64A9FED425ADFEDA5
:10E40000425AA7EE265A9FED417AA4EEA67AE5EE8F
:10E41000265A27EE267AA5EE867A27EE877A38D016
:10E420003B493C4A01EB8301D1ED006A37EE667A45
:10E4300002EB8303D3ED006A37EE677A002D36EEE8
:10E44000C70AB0DAB1EE400A38BD30EE000A38BD76
:10E450009FED317A30EE077AF7EE006AB4EEE67A95
:10E46000F1EE10FAA6DD38BDFFF7D4FD2B4B9C4230
:10E4700012D8A3F5D0039C4223D8F0EE007ABFEE69
:10E48000007AA0EE277A002330EE270AC7EE007A42
:10E4900092E737EEC70A38BD214B9C420BD8F7EE06
:10E4A000087AB7EE007AA0EE277A022330EE670AE8
:10E4B000C0EE077A80E7BFEE007AC7EE007A03234A
:10E4C0007AE7F7EE007A30EE677A30EE270A01231A
:10E4D000C7EE007A70E700BFDB0FC9BFDB0FC93F93
:10E4E000FFFFDF3ED769853C59DA4B3D21A215BDC0
:10E4F0006BF16EBD356B883D95879DBD6E2EBA3D27
:10E50000388EE3BD2549123EABAAAA3ECDCC4CBE07
:10E51000E4E70008F4E70008CAF24971FFFF973FFB
:10E52000FFFF1B40B1EEC00A704700BFF8B500BF47
:10E53000F8BC08BC9E467047F8B500BFF8BC08BCE4
:04E540009E4670473C
:10E5440010E7000869240008000000000000000033
:10E5540080000000000000000000000004E7000844
:10E56400511A00080100000000000000000800002B
:10E57400F098002494980024F4E60008ED1B0008A9
:10E584000000000000000000000400009088002447
:10E5940034880024E8E60008211D0008000000007B
:10E5A400000000000004000030780024D477002428
:10E5B400F8E600083D1B0008000000000000000011
:10E5C40000080000D057002474570024D8E600083F
:10E5D40019180008000000000000000000040000FA
:10E5E4007047002414470024CCE600085D18000896
:10E5F40000000000000000000004000010370024A8
:10E60400B4360024C0E60008951800080000000095
:10E614000000000000020000B02E0024542E00244C
:10E62400B4E60008E120000800000000000000003B
:10E6340000080000500E0024F40D00240000000027
:10E6440000000000000000000000000000000000C6
:10E6540001000000020000000300000004000000AC
:10E6640000000000050000000000000000000000A1
:10E674000000000006000000000000000000000090
:10E6840000000000070000000F00081082091100BC
:10E694000A15800B16000C18010D00007D04017C86
:10E6A400000240AB0341000553080658040700006C
:10E6B4005541565F5461736B0000000049627573E5
:10E6C4005F5461736B000000436D645F5461736B4E
:10E6D40000000000436861737369735F5461736B76
:10E6E400000000005472616E735F5461736B00002C
:10E6F40050776D5F4D6F746F725F5461736B000080
:10E70400496D755F5461736B000000006465666158
:10E71400756C745461736B0049444C4500000000EF
:10E72400546D725100000000546D722053766300E2
:10E7340053544D3332205669727475616C20436FA3
:10E744006D506F727400000053544D6963726F65AD
:10E754006C656374726F6E69637300004344432095
:10E76400436F6E666967000043444320496E7465D5
:10E77400726661636500000000000000010203048A
:10E784000102030406070809000610160006101605
:10E794000001020304050607080C10141820304079
:10E7A400010002000400060008000A000C0010002A
:10E7B4002000400080000001080402040801010157
:10E7C400010101030701000000000080DB0F494044
:10E7D400DB0F49C0DB0F49BFE4CB1640E4CB16C0C6
:10E7E4006937AC3168212233B40F14336821A23362
:10E7F4003863ED3EDA0F493F5E987B3FDA0FC93F3D
:08E804001C1DFF7F0100000054
:08E80C00F1DE0008BD06000862
:04E81400950600085D
:10E818000000803F58A08B3AE7416B3A0000FA436A
:10E828000090D0030090D003010000001000000009
:10E8380009024300020100C032090400000102027B
:10E84800010005240010010524010001042402022E
:10E8580005240600010705820308001009040100C9
:10E86800020A0000000705010240000007058102B6
:10E878004000000033AD0008CFAC0008B5AB00087D
:10E8880000000000DDA9000839AB000801AB000852
:10E89800000000000000000000000000B9AA000805
:10E8A80071AA000829AA00081DAA00080A06000281
:10E8B8000000004001000000AAAAAAAA31D7000857
:10E8C800F9D60008FDD6000805D7000801D70008CA
:10E8D8001A03000000000000000000000000000013
:10E8E800000000000000000000000000040309040C
:10E8F8001201000202020040830440570002010294
:10E908000301000059D7000865D7000829D8000876
:10E9180005D80008F1D7000845D8000869D80008CC
:10E92800000000001801002400000000CC1601249B
:10E93800341701249C170124000000000000000087
:10E9480000000000000000000000000000000000BF
:10E9580000000000000000000000000000000000AF
:10E96800000000000000000000000000000000009F
:10E97800000000000000000000000000000000008F
:10E98800000000000000000000000000000000007F
:10E99800000000000000000000000000000000006F
:10E9A800000000000000000000000000000000005F
:10E9B800000000000000000000000000000000004F
:10E9C80001000000000000000E33CDAB34126DE6EC
:10E9D800ECDE05000B000000000000000000000055
:10E9E800000000000000000000000000000000001F
:10E9F800000000000000000000000000000000000F
:10EA080000000000000000000000000000000000FE
:10EA180000000000000000000000000000000000EE
:10EA280000000000000000000000000000000000DE
:10EA380000000000000000000000000000000000CE
:10EA480000000000000000000000000000000000BE
:10EA580000000000000000000000000000000000AE
:0CEA680000000000000000000418012461
:040000050800317549
:00000001FF
